Number,URL,Title
0,https:/photos-index-aid-99034.html,https:[final個人漢化] (例大祭12) [七転八起 (kinntarou)] 美咲調教日記 (東方Project)
1,https:/photos-index-aid-99015.html,https:[焼酎MAC (ほずみけんじ)] 調教受精済み母娘寝取られ記録 [中国翻訳] [DL版]
2,https:/photos-index-aid-98981.html,https:調教週姦 ～男嫌いな生意気水泳部エースがきもデブ顧問に脅され堕ちるまで～
3,https:/photos-index-aid-98889.html,https:[Doushia (Terasu MC)] Cosplayer Kanojo NTR Manga (Various) [Digital] [ドーシア (テラスMC)] コスプレイヤー彼女NTR漫画 (よろず) [Chinese] [無邪気漢化組]
4,https:/photos-index-aid-98888.html,https:[ヨールキ・パールキ (露々々木もげら)] L教会と異端者一家+【おまけ】(澄木个人汉化)
5,https:/photos-index-aid-98635.html,https:(C97) [Sugar_Berry_Syrup (Crowe)] Indeki no Reijou 4.5 ~ Higyaku no kyoshitsu ~ [Chinese] [绅士仓库汉化]
6,https:/photos-index-aid-98550.html,https:(C97) [Sugar Berry Syrup (クロエ)] 淫溺の令嬢4～彼の隣で漏れる淫声～ [中国翻訳]
7,https:/photos-index-aid-98459.html,https:(C97) [AHOBAKA (Aho)] 異世界転生したクズチートに僕の恋人な姉が寝取られるなんて…冒険者編
8,https:/photos-index-aid-98217.html,https:[影之音个人汉化] [あいいろさくら (相川りょう)] 空母ヲ級ちゃんの天津風百合奴隷調教～快楽堕ち編～(艦隊これくしょん -艦これ-) [DL版]
9,https:/photos-index-aid-98155.html,https:(C97) [テングサ (tokorot)]  お父さんのおなほーる  中文翻譯
10,https:/photos-index-aid-98089.html,https:[不咕鸟x这很恶堕汉化组] [けーきやさん (けーき)] ユイの悪堕ちNTR日記 (プリンセスコネクト!Re:Dive) [DL版]
11,https:/photos-index-aid-98086.html,https:[final個人漢化] (CSP6) [世渡工場 (ジェット世渡り)] 冴えない彼女の調教えかた (冴えない彼女の育てかた)
12,https:/photos-index-aid-98071.html,https:(C93) [ハニーバニー (こはち)] 学園の王子様にメス調教することを強いられています! [中国翻訳]
13,https:/photos-index-aid-97971.html,https:[魚山ケイジ] カーテンの向こう側で (COMIC BAVEL 2020年3月号) [中国翻訳] [DL版]
14,https:/photos-index-aid-97854.html,https:[サポットノーズ] 幼馴染が催眠術で調教されていた
15,https:/photos-index-aid-97841.html,https:[しまじや (しまじ)] 歩音ちゃん調教日誌Vol.3-学校えっち編- [中国翻訳] [DL版]
16,https:/photos-index-aid-97816.html,https:(C95) [CAT GARDEN (ねこてゐ)] 催眠淫紋調教言いなりアビーちゃん with アナちゃん (Fate Grand Order) [中国翻訳] [無修正]
17,https:/photos-index-aid-97694.html,https:[长安街汉化组汉化] (C96) [もなかうどん (モニカノ)] 駆逐艦 浜風 尋問調書 (艦隊これくしょん-艦これ-)
18,https:/photos-index-aid-97331.html,https:[山樱汉化] (C97) [AmazingSweets (はるいちご)] 犬耳娘調教物語
19,https:/photos-index-aid-97236.html,https:[篆儀通文書坊漢化][あたげ] 都合が良くて可愛いメス。
20,https:/photos-index-aid-97093.html,https:[B-RIVER] 未亡人・上城美咲の淫辱 －母娘牝穴・堕落調教
21,https:/photos-index-aid-96944.html,https:[ほーすている] 母さんじゃなきゃダメなんだっ！！1-6+CG
22,https:/photos-index-aid-96932.html,https:[禁漫漢化組] [Digital] [DOZA Village (どざむら)] わいせつクリニック [中国翻訳] [DL版]
23,https:/photos-index-aid-96866.html,https:[靴下汉化组] (C97) [もなかうどん (モニカノ)] 戦艦 大和 尋問調書 (艦隊これくしょん-艦これ-)
24,https:/photos-index-aid-96838.html,https:[假期限定萌豚个人汉化][しまじや (しまじ)] 歩音ちゃん調教日誌Vol.2-お部屋えっち編-
25,https:/photos-index-aid-96819.html,https:[4K漢化組][大嘘] オナホ教室 ～女子全員妊娠計画～
26,https:/photos-index-aid-96716.html,https:[新桥月白日语社][緑のルーペ] ガールズ・オン・ザ・ブルーフィルム
27,https:/photos-index-aid-96582.html,https:[如若昇天個人漢化] [ミルクフォース] おとなりNTR 後編 [DL版]
28,https:/photos-index-aid-96522.html,https:[空気系☆漢化] [かすてるら (しまシュー)] 強気な姫様 潜入捜査で身体検査されるも正体がバレてはいけないので抵抗できない
29,https:/photos-index-aid-96360.html,https:[瑞树汉化] [あむぁいおかし製作所] オレの調教係
30,https:/photos-index-aid-96353.html,https:[不咕鸟汉化组] [ブリッツクリーク (電池)] 初めての寝取られマゾ化調教6
31,https:/photos-index-aid-96244.html,https:[サイクロン (和泉、冷泉)] みだれうち 2[钢华团汉化组]
32,https:/photos-index-aid-96069.html,https:[lvlvbubu个人汉化] (C89) [Rip@Lip (水原優)] サグラレ堕メ
33,https:/photos-index-aid-96050.html,https:[不咕鸟汉化组] [DOLL PLAY (黒巣ガタリ)] ワイルド式日本人妻の寝取り方 其ノ一 [中国翻訳]
34,https:/photos-index-aid-95993.html,https:[不咕鸟x这很恶堕汉化组] (C97) [イカめし食堂 (イカめし)] レズ淫魔の淫紋快楽調教2
35,https:/photos-index-aid-95948.html,https:[綾枷家の猫 (綾枷ちよこ、綾枷りべり)] 万引き人妻総集編 [中国翻訳] [DL版]
36,https:/photos-index-aid-95881.html,https:[milkholic] ネトラレ卒業旅行 [lavie汉化]
37,https:/photos-index-aid-95742.html,https:[山樱汉化] [たんぽぽ水産+Ziggurat (INAGO)] 夏休みの自由研究 りこ調教2回目～野外で絶頂させてみよう!～【フルカラー版】 [中国翻訳]
38,https:/photos-index-aid-95637.html,https:[ゼロの者] ギリギリ (コミック刺激的SQUIRT!! Vol.03) [中国翻訳] [DL版]
39,https:/photos-index-aid-95528.html,https:[無邪気漢化組] [A極振り (Sian)] メス共の4ページ調教記録集 [DL版]
40,https:/photos-index-aid-95524.html,https:[如若昇天個人漢化] [ミルクフォース] おとなりNTR 前編 [DL版]
41,https:/photos-index-aid-95496.html,https:(C79) [少女架刑 (inkey、和泉万夜)] ジル・バレンタイン調教記録 (バイオハザード) [英訳]
42,https:/photos-index-aid-95290.html,https:[如若昇天個人漢化] [うらのひきだし (ニジィー)] 単位不足で進級できない!?生意気な教え子ギャルをえっちで補填! [中国翻訳]
43,https:/photos-index-aid-95263.html,https:[ミルクフォース] ネトラレひとづま 後篇 [中国翻訳]
44,https:/photos-index-aid-95258.html,https:[裹之夢境][しのざき嶺] 肉食女子
45,https:/photos-index-aid-95047.html,https:【如若昇天個人漢化】[Milk Force]  ネトラレひとづま前篇
46,https:/photos-index-aid-94735.html,https:[不咕鸟汉化组] [尻戦車] いぬのおねえさん～少年調教場～ (欲望ラビリンス) [DL版]
47,https:/photos-index-aid-94676.html,https:[無邪気漢化組] [Digital] [翠野タヌキ] ミセリアへの手紙 (COMIC BAVEL 2019年8月号) [中国翻訳] [DL版]
48,https:/photos-index-aid-94615.html,https:[影之音个人汉化] [あいいろさくら (相川りょう)] 空母ヲ級ちゃんの島風百合奴隷調教～快楽調教編～ (艦隊これくしょん -艦これ-) [DL版]
49,https:/photos-index-aid-94575.html,https:[無邪気漢化組] (C97) [mon-petit (もんぷち)] あなたの願いが叶いますように。 [中国翻訳]
50,https:/photos-index-aid-94343.html,https:[午前七時の合わせカガミ (孝至、kagami0235)] 彼女のコスプレ2～恍惚の牝犬調教!!～
51,https:/photos-index-aid-94268.html,https:[祈花漢化組] [Digital] [U.R.C (桃屋しょう猫)] コスモ調教日記 (スター☆トゥインクルプリキュア)
52,https:/photos-index-aid-94019.html,https:[靴下汉化组] (C93) [さぃヵゎ❤ょぅι゛ょ (にゃまる)] エルーン娘たちを好き勝手調教しちゃう本 (グランブルーファンタジー)
53,https:/photos-index-aid-93951.html,https:[不咕鸟汉化组] (C94) [玉子房 (隈吉)] 堕ちゆく姉妹陥 (艦隊これくしょん -艦これ-)
54,https:/photos-index-aid-93874.html,https:[エアリーソックス] 優等生脅迫アパートレイプ [中国翻訳]
55,https:/photos-index-aid-93811.html,https:[AX个人汉化] [amck-izm (amck)] 線ノ青鯨
56,https:/photos-index-aid-93739.html,https:(同人CG集) [NaTuRe] 彼女は…… ～やっと両想いになれた幼馴染の彼女は父親にずっと調教されていた～
57,https:/photos-index-aid-93656.html,https:[サイクロン (和泉、冷泉)] 彼とわたしと店長の深夜勤務3.1 [中国翻訳]
58,https:/photos-index-aid-93557.html,https:[NCP (Hanekumo)] Pet to Shite Haikyuu Sareta Shimai ~Gakuen no Idol Kyonyuu Shimai o Shiiku Shite Seishori Pet to Shite Tettei Choukyou!
59,https:/photos-index-aid-93430.html,https:[Ichigo Crown (Yuzuri Ai)] Himitsu 3 [Digital]
60,https:/photos-index-aid-93358.html,https:[4K漢化組][ゆにおし] ティーチ&デストロイ
61,https:/photos-index-aid-93355.html,https:(同人CG集) [ゆるふわ☆めがね] 気になるあの娘を拉致して調教する話
62,https:/photos-index-aid-93329.html,https:[無邪気漢化組] [Digital Lover (なかじまゆか)] 人妻幼馴染とひと夏のできごと2 DLO-10
63,https:/photos-index-aid-93258.html,https:[影之音个人汉化] (C88) [あいいろさくら (相川りょう)] 空母ヲ級ちゃんの島風百合奴隷調教～戦艦レ級の出張SM調教編～
64,https:/photos-index-aid-93217.html,https:[长安街个人汉化] (C95) [もなかうどん (モニカノ)] 空母 加賀 尋問調書 (艦隊これくしょん -艦これ-)
65,https:/photos-index-aid-93090.html,https:[绅士仓库&Lolipoi联合汉化] (C96) [Sugar*Berry*Syrup (クロエ)] 淫溺の令嬢3～揺れ動く心、夜乱れる蜜花～ [中国翻訳]
66,https:/photos-index-aid-93040.html,https:[がらくた少女 (三糸シド)] 人妻・春子の調教寝取られ性活～かつて娘を弄んだ男達が、私のカラダを狂わせる～ [中国翻訳] [DL版]
67,https:/photos-index-aid-93027.html,https:機械式女体化調教物語2
68,https:/photos-index-aid-92980.html,https:[Digital Lover (なかじまゆか)] 人妻幼馴染とひと夏のできごと DLO-07 [中国翻訳] [DL版]
69,https:/photos-index-aid-92972.html,https:[黎欧x新桥月白日语社](C97) [FT (ken)] メス豚アヴェンジャーJ豚ちゃん調教日記 (FateGrand Order)
70,https:/photos-index-aid-92870.html,https:[不咕鸟x这很恶堕汉化组] (C96) [飯食って寝る。 (あたげ)] 都合の良い楽しい異世界でクズ男の便利な雌になる [中国翻訳]
71,https:/photos-index-aid-92812.html,https:[不咕鸟汉化组] (C97) [集団暴力 (むらさき朱)] キミはボクの太陽だ3 (冴えない彼女の育てかた) [中国翻訳]
72,https:/photos-index-aid-92797.html,https:[37G個人漢化] [蟻アンド村] 幼馴染催眠調教日記
73,https:/photos-index-aid-92658.html,https:[挽歌个人汉化] テラスmc作品个人翻译持续更新 2020.1.5
74,https:/photos-index-aid-92530.html,https:[風的工房][ゆにおし] ティーチ&デストロイ 調教飼育&搞壞毀滅她
75,https:/photos-index-aid-92525.html,https:[猫不语个人汉化][ロリコントラップ] パパっ子魔法少女アリス～催眠偽愛調教～ (敗北乙女エクスタシー Vol.22)
76,https:/photos-index-aid-92365.html,https:[無邪気漢化組] [Digital] [蒼色彼方 (色谷あすか)] 無知っこサキュバス調教開発 [中国翻訳] [DL版]
77,https:/photos-index-aid-92255.html,https:[mega w] Fallen Cinderella 〜ハーフアイドル 部族化調教〜 (アイドルマスター シンデレラガールズ)
78,https:/photos-index-aid-92227.html,https:[新桥月白日语社] [shakestyle (ShAKe)] 五十嵐柚葉調教日誌5 「パパ...勃起しちゃったの...」[DL版]
79,https:/photos-index-aid-92226.html,https:[新桥月白日语社] [shakestyle (ShAKe)] 五十嵐柚葉調教日誌4「パパ…私を見て…」[DL版]
80,https:/photos-index-aid-92192.html,"https:[禁漫漢化組] (C92) [ろしまん (マサ兄)] 日本一のドスケベ女がマセガキにナンパされてホテルに連れていかれ今日で調教一ヶ月目にはいりました (CAPCOM, SNK)"
81,https:/photos-index-aid-92146.html,https:[shakestyle (ShAKe)]五十嵐柚葉調教日誌1-5
82,https:/photos-index-aid-92006.html,https:[KiraYoshikage个人汉化] [割れ目 (こっぺ)] 足枷～人妻はいつも調教される運命に～[中国翻訳]
83,https:/photos-index-aid-91921.html,https:[两个人汉化(组？)] (C95) [東グリム堂 (狗鷲ろぺら)] 白狼調教劇 (東方Project)
84,https:/photos-index-aid-91913.html,https:[KiraYoshikage个人汉化][割れ目(こっぺ)] 足枷～人妻はいつも調教される運命に～
85,https:/photos-index-aid-91752.html,https:[アパタイト] 妻にナイショのJKアナル調教〜妹に尻穴の良さを教える義兄〜
86,https:/photos-index-aid-91583.html,https:[新桥月白日语社] [独特のM (電池)] 高級娼婦の売国マゾ化調教～従者売却編～
87,https:/photos-index-aid-91476.html,https:[しまじや (しまじ)] 歩音ちゃん調教日誌Vol.2-お部屋えっち編- [DL版]
88,https:/photos-index-aid-91297.html,https:[漢化組漢化組] [千夜茶房 (α・アルフライラ)] ふたなりお姉さん風俗 逆アナル・調教日記
89,https:/photos-index-aid-91271.html,https:(C95) [CAT GARDEN (ねこてゐ)] 催眠淫紋調教言いなりアビーちゃん with アナちゃん (FateGrand Order) [無修正]
90,https:/photos-index-aid-91267.html,https:[ねこてゐ] 浜風ちゃんお尻調教＆拡張＋正の字＋大量ぶっかけ (アズールレーン)
91,https:/photos-index-aid-91265.html,https:[ねこてゐ]環いろは露出調教わんわんポーズ大量ぶっかけ＆アナルぐぱぁ
92,https:/photos-index-aid-91184.html,https:[アパタイト] 愛妻淫辱接待 ～借金のかたに妻の調教を命じられた夫～
93,https:/photos-index-aid-90564.html,https:[独特のM]高級娼婦の売国マゾ化調教～従者売却編～
94,https:/photos-index-aid-90399.html,https:[あべもりおか] 夏の離島研修でクラスの女子達がSEX狂いのメス奴隷に調教された話  夏季離島研修中班上的女生們被強制調教成癡女奴隸的那個故事 [Chinese] [Digital]
95,https:/photos-index-aid-90364.html,https:[不咕鸟汉化组] [Digital] [りょう@涼] ドスケベな生徒会長を調教してやった～みんなの前で公開オ○ニー!?(1-2) [中国翻訳] [DL版]
96,https:/photos-index-aid-90091.html,https:[二沙択一] レ○ード奴隷調教
97,https:/photos-index-aid-89781.html,https:[Lolipoi汉化组] [ANCHOR (武藤まと)] 秘密の診察室いじわるへん [DL版]
98,https:/photos-index-aid-89597.html,https:[一匙咖啡豆汉化组][あたげ] 大好きな先生 (COMIC LO 2019年12月号)
99,https:/photos-index-aid-89425.html,https:(C95) [といとい(対々会)] すずか調教記録4
100,https:/photos-index-aid-89051.html,https:[エクセシオ (こね茶)] ウルサイ隣人ギャル達を脅して調教して従順にしてみた
101,https:/photos-index-aid-88944.html,https:[祈花汉化组] [いないうちに (居内)] 調ちゃん睡姦 (戦姫絶唱シンフォギア)
102,https:/photos-index-aid-88584.html,https:[中国翻訳]  [ブリッツクリーク] 初めての寝取られマゾ化調教
103,https:/photos-index-aid-88125.html,https:(都産祭2013) [やどかに大回転 (河本ゆつき)] 変態さん調教計画 (変態王子と笑わない猫。)
104,https:/photos-index-aid-88035.html,https:[だむ工房 (黒葉だむ)] ヤンキー娘にHな調教してみた [中国翻訳]
105,https:/photos-index-aid-87893.html,https:[大正ロマネスク (遠野すいか)] 武蔵さんが鬼畜ショタに調教される本 (FateGrand Order) [黎欧x新桥月白日语社] [Digital]
106,https:/photos-index-aid-87792.html,https:[スパイシーラブスヘブン] いもうと少女姦～兄を見下す不届きJ○妹を孕ませ調教!～
107,https:/photos-index-aid-87474.html,https:[Lolipoi&山櫻联合汉化][たんぽぽ水産+Ziggurat (INAGO)] 夏休みの自由研究 りこ調教1回目～連続絶頂をさせてみよう！～
108,https:/photos-index-aid-86978.html,https:(C91) [Fatalpulse (朝凪)] Victim Girls 22 女王鹿島の調教日誌 (艦隊これくしょん -艦これ-) [洨五個人漢化]
109,https:/photos-index-aid-86577.html,https:[猫在汉化](C94) [Sugar*Berry*Syrup (クロエ)] 淫溺の令嬢1～他の教師に処女を奪われて…～
110,https:/photos-index-aid-86574.html,https:[脸肿汉化组](C96) [たんぽぽ水産+Ziggurat (INAGO)] 夏休みの自由研究 りこ調教3回目～快楽堕ちさせてみよう!～
111,https:/photos-index-aid-86483.html,https:(C94) [玉子房 (隈吉)] 堕ちゆく姉妹陥 (艦隊これくしょん -艦これ-) [不咕鸟汉化组]
112,https:/photos-index-aid-86409.html,https:[柳葉個人漢化] [face to face (りょう@涼)] 大淀とデイリー任務 明石調教編 (艦隊これくしょん -艦これ-) [DL版]
113,https:/photos-index-aid-86331.html,https:[lordsky29個人漢化] (C96) [North70 (七尾ゆきじ)] 網元の娘マリベル催眠調教II (ドラゴンクエストVII) [中国翻訳]
114,https:/photos-index-aid-86315.html,https:[lordsky29個人漢化](C96) [North70 (七尾ゆきじ)] 網元の娘マリベル催眠調教II (ドラゴンクエストVII)
115,https:/photos-index-aid-86284.html,https:[不紳士作戰部(ZEN) (Lyin)] 夏日鐵血調教~SANGVIS FERRI~ (少女前線)
116,https:/photos-index-aid-85873.html,https:[平安京☆ALL★STARS和Ruru出资自购][ありのとわたり] 社畜の皆さん、転生して孕袋調教しませんか?
117,https:/photos-index-aid-85866.html,https:[平安京☆ALL★STARS和Ruru出资自购] [ありのとわたり] 社畜の皆さん、転生して孕袋調教しませんか? [中国翻訳]
118,https:/photos-index-aid-85444.html,https:[沒有漢化] [2019-08-24] [焼きたてジャマイカ (あおむし)] ちんぽやくざみぽりん4 紅茶快楽調教編 (ガールズ&パンツァー) [中国翻訳] [2019年8月24日]
119,https:/photos-index-aid-85224.html,https:[无毒汉化组] (C91) [インデックス ACG (茸屋)] INDEXGIRLS 09 ふたなり生徒会長露出恥辱調教
120,https:/photos-index-aid-84701.html,https:[theoldestcat汉化] [Digital] [新生ロリショタ (shuffle、kozi)] 蘭陵王雌豚調教記 (Fate_Grand Order) [中国翻訳] [DL版]
121,https:/photos-index-aid-84304.html,https:[水原優] 家出少女中出しキメセク強制調教
122,https:/photos-index-aid-84257.html,https:[ミルフ書房] 出張するお父さん 調教されるお母さん
123,https:/photos-index-aid-84199.html,https:[魔劍个人汉化][性竜 (性竜)] バスケ少女とスケベな補習
124,https:/photos-index-aid-84151.html,https:[无毒汉化组](C92) [ユリルラリカ (小島紗、Lazu)] 玉藻躾け～アナル調教～ (Fate(C96) [キングリボルバー (キクタ)] ふとももで挟んで頂いて射精するのがさいきん好きです (Fate／Grand Order)Grand Order)
125,https:/photos-index-aid-84085.html,https:[个人兴趣渣翻] [Digital] [M (天野雨乃)] 巨乳女上司催眠肉人形2 [中国翻訳] [DL版]
126,https:/photos-index-aid-84028.html,https:[不咕鸟x这很恶堕汉化组] [Digital] [OXIDE_Lab (OXIDEENGINE)] 異花 -聖神官触手乳辱調教- [中国翻訳] [DL版]
127,https:/photos-index-aid-83882.html,https:(C91) [Flock Blue (Blue_Gk)] ヴィーラ・リーリエ調教計画(仮) (グランブルーファンタジー) [中国翻訳]
128,https:/photos-index-aid-83702.html,https:[ダブルタイフーン]空想科学メスガキ調教～傲慢ロリ姫屈辱の王座転落劇～
129,https:/photos-index-aid-83701.html,https:[ダブルタイフーン]空想科学メスガキ調教テトラ～地獄の刑務所性奴隷編～
130,https:/photos-index-aid-83699.html,https:[ダブルタイフーン]空想科学メスガキ調教～傲慢ロリ姫淫獄魔改造の輪廻～
131,https:/photos-index-aid-83697.html,https:[ダブルタイフーン]空想科学メスガキ調教～傲慢ロリ姫悶絶!改造!生き地獄!～
132,https:/photos-index-aid-83394.html,https:[LOLI西洋剣 (PANBAI)] 性幼犬調教2
133,https:/photos-index-aid-83179.html,https:(COMIC1☆13) [Rip@Lip (水原優)] 迷娘、拾いました。～調教編～ (オリジナル) [DL版]
134,https:/photos-index-aid-83058.html,https:[サイクロン (和泉、冷泉)]彼とわたしと店長の深夜勤務1-3
135,https:/photos-index-aid-82989.html,https:[不咕鸟汉化组] [サイクロン (和泉、冷泉)] みだれうち
136,https:/photos-index-aid-82842.html,https:[天王老鼠汉化组][串カツ孔明] 調教のススメ‐真面目風紀委員長のメス奴隷化計画‐ [中国翻訳]
137,https:/photos-index-aid-82819.html,https:[焼酎MAC (ほずみけんじ)] 調教受精済み母娘寝取られ記録
138,https:/photos-index-aid-82802.html,https:[焼酎MAC (ほずみけんじ)] [調教受精済み母娘寝取られ記録]
139,https:/photos-index-aid-82611.html,https:(C95)_[CAT_GARDEN_(ねこてゐ)]_催眠淫紋調教言いなりアビーちゃん_with_アナちゃん_(Fate_Grand_Order)
140,https:/photos-index-aid-82197.html,https:[串カツ孔明] 調教のススメ‐真面目風紀委員長のメス奴隷化計画‐
141,https:/photos-index-aid-82103.html,https:[黎欧×新桥月白日语社] [大正ロマネスク (遠野すいか)] 世界で一番淫らな処女　～調教愛4～(FateGrand Order)
142,https:/photos-index-aid-82090.html,https:[大正ロマネスク (遠野すいか)] 世界で一番淫らな処女 ～調教愛4～ (FateGrand Order)[黎欧×新桥月白日语社] [Digital]
143,https:/photos-index-aid-81971.html,https:(C96) [大正ロマネスク (遠野すいか)] 騎士王調教撮影記録 (FateGrand Order) [黎欧×新桥月白日语社]
144,https:/photos-index-aid-81961.html,https:[新桥月白日语社][大正ロマネスク (遠野すいか)] 騎士王調教撮影記録
145,https:/photos-index-aid-81583.html,https:[ありむらんど (蟻アンド村)] 幼馴染催眠調教日記3
146,https:/photos-index-aid-81536.html,https:[納屋]女教師ボンデージ監禁飼育 1 誘拐調教編[有条色狼汉化]
147,https:/photos-index-aid-81525.html,https:人妻調教監獄学園 パッケージ版
148,https:/photos-index-aid-81512.html,https:爆乳催眠ナース ～夜姦シフト孕ませ調教
149,https:/photos-index-aid-81460.html,https:[Digital Lover (なかじまゆか)]カレとの約束+カレと私の壊れたキズナ1-3
150,https:/photos-index-aid-81363.html,https:[中文H漫][アキヤマ興業 (三日月四幸)] TRAIN HUNTER ー調教狩りー (シティーハンター) [中文翻譯]
151,https:/photos-index-aid-81046.html,https:Lanling Wang Mesubuta Choukyouuki
152,https:/photos-index-aid-80948.html,https:(C96) [新生ロリショタ (shuffle、kozi)] 蘭陵王雌豚調教記 (FateGrand Order)[theoldestcat汉化] [Digital]
153,https:/photos-index-aid-80637.html,https:[さむらい一家][息子の嫁と孫娘を調教し巨乳な母娘丼を養うジジイ]
154,https:/photos-index-aid-80439.html,https:[ようかい玉の輿 (CHIRO)][元カレにマゾ豚調教されてた妻の寝取られ告白][中国翻訳]
155,https:/photos-index-aid-80210.html,https:[焼酎MAC (ほずみけんじ)] 母娘温泉旅行調教記録
156,https:/photos-index-aid-80015.html,https:(FF33) [不紳士作戰部(ZEN)(Lyin)] 夏日鐵血調教~SANGVIS FERRI~ (Girls' Frontline)[sample]
157,https:/photos-index-aid-79902.html,https:(同人CG集) [Tiramisu] お嬢さま調教!高飛車女が用務員ち◯ぽで快楽堕ち!
158,https:/photos-index-aid-79884.html,https:[不咕鸟汉化组][秘密結社ヴァニタス]自分のことメッチャ嫌ってる義弟をケツ穴調教でメス堕ちさせたらなんやかんやで兄弟仲良くなる説
159,https:/photos-index-aid-79752.html,https:[性竜]巨乳人妻脅迫調教セックス
160,https:/photos-index-aid-79442.html,https:[ZION] 催眠即ヤリ学園 勝気副会長・肉便器調教編
161,https:/photos-index-aid-79091.html,https:Netorare Gakuen Seikatsu
162,https:/photos-index-aid-78907.html,https:[yayue個人漢化][そちゃ屋 (nicoby)] おもらしメイドを調教したら
163,https:/photos-index-aid-78875.html,https:Ore Ga Ijimeteta Onna Ga Henshin Heroine Ni Natta Node 丨被我欺負過的女人竟然成為了變身美少女
164,https:/photos-index-aid-78730.html,https:[がらくた少女 (三糸シド)] 人妻・春子の調教寝取られ性活2 ～かつて娘を弄んだ男達が、私のカラダを狂わせる
165,https:/photos-index-aid-78729.html,https:[がらくた少女 (三糸シド)] 人妻・春子の調教寝取られ性活～かつて娘を弄んだ男達が、私のカラダを狂わせる～
166,https:/photos-index-aid-78724.html,https:[マッシュルーム商店街 (汐入ぬま)] 放課後の牝穴-寝取り調教記録-
167,https:/photos-index-aid-78708.html,https:[WindArt] 禁断連鎖 ー巨乳マゾ女教師・由紀の中出し調教性活ー
168,https:/photos-index-aid-78704.html,https:[天誅丸] 調教団地妻
169,https:/photos-index-aid-78652.html,https:[達磨さん転んだ] 触装少女調教3～雫編
170,https:/photos-index-aid-78556.html,https:[ドゥンガ] メス豚調教学淫
171,https:/photos-index-aid-78533.html,https:[黎欧×新桥月白日语社](C94) [試行屋] 丑御前ママの調教日記 (FateGrand Order)
172,https:/photos-index-aid-78487.html,https:(C94) [試行屋] 丑御前ママの調教日記 (FateGrand Order) [黎欧×新桥月白日语社]
173,https:/photos-index-aid-78232.html,https:[ツタカズラまうまう (ザッシュ2号)] 機械式女体化調教物語
174,https:/photos-index-aid-77904.html,https:[绅士仓库&Lolipoi联合汉化](例大祭16) [Chocolate Synapse (椎架ゆの)] 調教催眠優曇華院 (東方Project)
175,https:/photos-index-aid-77872.html,https:[風的工房][ダイナマイトmoca] 義父堕ちペット 繼父墮落性寵物
176,https:/photos-index-aid-77786.html,https:[黎欧×新桥月白日语社](COMIC1☆15) [大正ロマネスク (遠野すいか)] 調教愛3 (FateGrand Order)
177,https:/photos-index-aid-77473.html,https:[靴下汉化组][鬼窪浩久、滝れーき] 母と息子の姦美な調教講座 2
178,https:/photos-index-aid-77451.html,https:[超能汉化组] (人間じゃない♪R2) [とらいあんぐる! (まぷる)] セーエキ大好き瑠衣ちゃんの責め責め♪人間調教日記2
179,https:/photos-index-aid-77370.html,https:[沒有漢化] (C94) [Deadnoodles] ヨハネコ調教日記 (ラブライブ! サンシャイン!!)
180,https:/photos-index-aid-77366.html,https:[SWEETTABOO (ryokutya)] 『SISSYALACARTE3』～寝取られ男の娘、貞操帯管理メス化調教～ [中国翻訳]
181,https:/photos-index-aid-77365.html,https:[SWEETTABOO (ryokutya)] 『SISSYALACARTE2』～寝取られ男の娘、貞操帯管理メス化調教～ [中国翻訳]
182,https:/photos-index-aid-77364.html,https:[SWEETTABOO (ryokutya)] 『SISSYALACARTE』～寝取られ男の娘、貞操帯管理メス化調教～ [中国翻訳]
183,https:/photos-index-aid-77178.html,https:[新春山東省 (ぶかつ)] [密着!!カルデアコスプレセックス24時!!! ～雌豚槍王夫妻調教開発編～] (FateGrand Order) [不咕鸟汉化组]
184,https:/photos-index-aid-77036.html,https:[恥辱庵] 背徳の百合園～妻を寝取った女上司に女性化調教される夫～
185,https:/photos-index-aid-77034.html,https:(同人CG集) [リリックボックス] エロゲ声優デビュー本番解禁
186,https:/photos-index-aid-77022.html,https:[ダブルタイフーン] 空想科学メスガキ調教～銀河アイドル乳首陰核肥大化調教～
187,https:/photos-index-aid-76957.html,https:(同人CG集) [フリテン堂] 恋人未満友達以上の幼馴染が俺の知らない所でバイト先の店長にガチ調教されていた件
188,https:/photos-index-aid-76934.html,https:(同人CG集) [かっかそうよう (t-aoba)] 部下が自慢していた嫁を夫のためと勘違いさせて調教してあげた話 ～オモテ～ (スマイルプリキュア!)
189,https:/photos-index-aid-76580.html,https:[Stapspats (翡翠石)] ポケ●ンレンジャー・ヒナタ 強制催眠キャプチャ～女レンジャードスケベ催眠調教～ (ポケットモンスター)
190,https:/photos-index-aid-76479.html,https:[たんぽぽ水産+Ziggurat (INAGO)] 夏休みの自由研究 りこ調教2回目～野外で絶頂させてみよう!～【フルカラー版】
191,https:/photos-index-aid-76140.html,https:(同人CG集) [ようかい玉の輿] 元カレにマゾ豚調教されてた妻の寝取られ告白
192,https:/photos-index-aid-76028.html,https:[ひめはち] 幼肉牧場　変態教師の淫虐調教
193,https:/photos-index-aid-75902.html,https:(C87) [朽木ノ洞 (エンマコオロギ)] 烈火の将ノ調教方 (魔法少女リリカルなのは)
194,https:/photos-index-aid-75833.html,https:[性竜] 巨乳家出JK玩具調教
195,https:/photos-index-aid-75307.html,https:[ケケ] 押せばヤれる娘 [中国翻訳]
196,https:/photos-index-aid-75207.html,https:(同人CG集) [おばんざい☆スタジオ (空維深夜)] 真夏の夜の悪夢～示談の条件とは～
197,https:/photos-index-aid-74545.html,https:(C91) [琥珀亭 (堺はまち)] 生真面目な女に中出し調教してみました 西●流戦車道家元の場合 (ガールズ&パンツァー)
198,https:/photos-index-aid-74408.html,https:[あむぁいおかし製作所 (倉塚りこ)] レズっ子に男の良さを教えようとしたら女体化調教されたオレ [中国翻訳]
199,https:/photos-index-aid-74242.html,https:(C94) [大正ロマネスク (遠野すいか)] 調教愛2 (Fate⁄Grand Order) [DL版]
200,https:/photos-index-aid-74240.html,https:(C94) [大正ロマネスク (遠野すいか)] 調教愛 (Fate⁄Grand Order) [DL版]
201,https:/photos-index-aid-74105.html,https:[放課後居残り組 (仁志田メガネ)] 女将軍アルテシア～中出し孕ませ調教～ (オリジナル)
202,https:/photos-index-aid-74102.html,https:[神聖少女乳業] 黒髪ぱっつんで大人しい処女の巨乳JKがレイプ男に監禁膣出し調教されて嫌がってるのにドラッグで超敏感にされてイキまくり性奴隷
203,https:/photos-index-aid-73556.html,https:[mega w] Fallen Cinderella 〜ハーフアイドル 部族化調教〜 (アイドルマスター シンデレラガールズ)
204,https:/photos-index-aid-73348.html,https:虞美人調教
205,https:/photos-index-aid-73302.html,https:(C94) [らぼまじ! (武田あらのぶ)] 誰でも発情催淫！？催淫ビデオカメラで幼馴染の爆乳処女ギャルが俺専用のオナホになるまで調教してみた! (オリジナル) [DL版]
206,https:/photos-index-aid-73290.html,https:[ジャックとニコルソン (のりパチ)] ブレンドS搾乳部。 (ブレンド・S) [DL版] [無邪気漢化組]
207,https:/photos-index-aid-73031.html,https:(C95) [SugarBerrySyrup (クロエ)] 淫溺の令嬢2～衆目に晒される痴態～ [空気系☆漢化]
208,https:/photos-index-aid-72940.html,https:[靴下汉化组][滝れーき、鬼窪浩久] 母と息子の姦美な調教講座
209,https:/photos-index-aid-72856.html,https:[華フック] 全員失格・母親のメス豚セックス調教記録 [中国翻訳][含着个人汉化]
210,https:/photos-index-aid-72795.html,https:[三毛蔵亭] 陸上少女監禁凌辱調教物語
211,https:/photos-index-aid-72505.html,https:(C95) [CAT GARDEN (ねこてゐ)] 催眠淫紋調教言いなりアビーちゃん with アナちゃん (FateGrand Order)
212,https:/photos-index-aid-72439.html,https:[るていん] お隣に引っ越しきた美人姉妹を催眠♀調教してやったー妹・茅野架純の場合ー
213,https:/photos-index-aid-72354.html,https:[しまじや (しまじ)] 歩音ちゃん調教日誌Vol.1-公園えっち編- [兔司姬漢化組] [Digital]
214,https:/photos-index-aid-72311.html,https:[るていん] 部下の嫁が可愛かったので徹底的にセックス調教して寝取ってやった
215,https:/photos-index-aid-72310.html,https:[蟻アンド村] 幼馴染催眠調教日記 2
216,https:/photos-index-aid-72309.html,https:[蟻アンド村] 幼馴染催眠調教日記 1
217,https:/photos-index-aid-72257.html,https:(C95) [かまぼこ工場長。 (ヤマアラシ)] 雲龍(調教済)とたのちいえっち生活。 (艦隊これくしょん -艦これ-) [脸肿汉化组]
218,https:/photos-index-aid-72055.html,https:(C93) [革命政府広報室 (よろず)] SILENT HOLE バブルヘッドナース陵辱調教記録 (サイレントヒル)
219,https:/photos-index-aid-71889.html,https:(C95) [しまじや (しまじ)] 歩音ちゃん調教日誌Vol.1-公園えっち編- [DL版]
220,https:/photos-index-aid-71862.html,https:(C95) [たんぽぽ水産+Ziggurat (INAGO)] 夏休みの自由研究 りこ調教2回目～野外で絶頂させてみよう!～
221,https:/photos-index-aid-71801.html,https:[4K漢化組][新羽隆秀] 満開!ハーレムスクール
222,https:/photos-index-aid-71496.html,https:背徳の百合園～妻を寝取った女上司に女性化調教される夫～
223,https:/photos-index-aid-71488.html,https:(C95) [HJUKISM (彦馬ヒロユキ)] 催眠調教ダイアリーイリヤ編 下 (Fatekaleid liner プリズマ☆イリヤ)
224,https:/photos-index-aid-71405.html,https:[4K漢化組][群りゅうせい] 女教師 恥辱のレッスン
225,https:/photos-index-aid-71369.html,https:[夢茶会 (むちゃ)] 千鶴ちゃん開発日記 ~バニー調教編~ [彩頁]
226,https:/photos-index-aid-71163.html,https:(同人CG集) [くりてぃかるひぅと] いじめっ子幼馴染を快楽でセックス大好き従順娘に堕とすまで。
227,https:/photos-index-aid-71130.html,https:[不咕鸟汉化组][アンコクマリモカン (marimo)] 鉄刃少女ブレイザー・校内陵辱&触手調教Wパック 2[DL版]
228,https:/photos-index-aid-71129.html,https:[不咕鸟汉化组][アンコクマリモカン (marimo)] 鉄刃少女ブレイザー・校内陵辱&触手調教Wパック 1[DL版]
229,https:/photos-index-aid-71034.html,https:[好想玩梗汉化组](C81) [Marked-two (まーくん)] 魔理沙は大変な調教を受けてしまいました (東方Project)
230,https:/photos-index-aid-70829.html,https:(C95) [RUBBISH選別隊 (無望菜志)] RE28 (FateGrand Order) [無邪気漢化組]
231,https:/photos-index-aid-70661.html,https:[脸肿汉化组] (C91) [ねこバス停 (しゃあ)] PCS Teacher 『狙われたラブレター』 (アイドルマスター シンデレラガールズ)
232,https:/photos-index-aid-70413.html,https:(同人誌) [華フック] 全員失格·母親のメス豚セックス調教記録 (オリジナル)  单页
233,https:/photos-index-aid-70357.html,https:[たんぽぽ水産+Ziggurat (INAGO)] 夏休みの自由研究 りこ調教1回目～連続絶頂をさせてみよう!～ (オリジナル)
234,https:/photos-index-aid-70315.html,"https:(C92) [ろしまん (マサ兄)] 日本一のドスケベ女がマセガキにナンパされてホテルに連れていかれ今日で調教一ヶ月目にはいりました (CAPCOM, SNK)"
235,https:/photos-index-aid-70314.html,https:(C88) [ろしまん (マサ兄)] 旦那さんが出張中に俺が奥さんを種付調教して寝取りますね (おくさん)
236,https:/photos-index-aid-70310.html,https:[ろしまん (マサ兄)] 美沙里の牝豚調教館 (アウターゾーン)
237,https:/photos-index-aid-70305.html,https:(C79) [ろしまん (マサ兄)] 美沙里の調教館 (アウターゾーン)
238,https:/photos-index-aid-70209.html,https:(C95) [LOLI西洋剣 (PANBAI)] 性幼犬調教1.5 [盲鸡汉化组]
239,https:/photos-index-aid-70208.html,https:[LOLI西洋剣 (PANBAI)] ポチ 牝幼犬調教  [盲鸡汉化组] [Digital]
240,https:/photos-index-aid-70205.html,https:[盲鸡汉化组](C95) [LOLI西洋剣 (PANBAI)] 性幼犬調教1.5
241,https:/photos-index-aid-70204.html,https:[盲鸡汉化组][LOLI西洋剣 (PANBAI)] ポチ 牝幼犬調教
242,https:/photos-index-aid-70141.html,https:(紅楼夢11) [禍葬現実 (支倉ノイズ)] 地獄の沙汰も種次第 ～小野塚小町生殖奴隷調教～ (東方Project)
243,https:/photos-index-aid-69847.html,https:(C91) [T.cop (夏木きよひと)] REVERSE -フェリの逆調教- (グランブルーファンタジー)
244,https:/photos-index-aid-69796.html,https:[ウィズドロップ] 地味っ子むちむち委員長とドスケベ調教性活
245,https:/photos-index-aid-69628.html,https:(C95) [酒たぬきの隠し蔵 (酒たぬき)] 堕ちた蝶～スムージー調教編～ (ワンピース)
246,https:/photos-index-aid-69626.html,https:[残碑日月个人汉化](C94) [milkberry (如月みゆ)] 拉致られJCと七人の種付け調教おじさん
247,https:/photos-index-aid-69405.html,https:(C95) [もなかうどん (モニカノ)] 戦艦 ウォースパイト 尋問調書 (艦隊これくしょん -艦これ-)
248,https:/photos-index-aid-69404.html,https:(C95) [もなかうどん (モニカノ)] 空母 加賀 尋問調書 (艦隊これくしょん -艦これ-)
249,https:/photos-index-aid-69403.html,https:(C93) [もなかうどん (モニカノ)] 駆逐艦 時雨 強制絶頂装置 其の参 (艦隊これくしょん -艦これ-)
250,https:/photos-index-aid-69402.html,https:(C92) [もなかうどん (モニカノ)] 駆逐艦 潮 失踪報告書 (艦隊これくしょん -艦これ-)
251,https:/photos-index-aid-69401.html,https:(砲雷撃戦!よーい!二十九戦目) [もなかうどん (モニカノ)] 重巡洋艦 プリンツ 尋問調書 (艦隊これくしょん -艦これ-)
252,https:/photos-index-aid-69400.html,https:[无毒 × 巫毒联合汉化] (C94) [もなかうどん (モニカノ)] ルーラー ジャンヌ・ダルク 尋問調書 (FateGrand Order)
253,https:/photos-index-aid-69091.html,https:[さどっこ] 凌辱調教アルバム
254,https:/photos-index-aid-69079.html,https:[AKYS本舗] 自分をいじめていた女に催眠調教
255,https:/photos-index-aid-69054.html,https:[AKYS本舗] 子持ち30過ぎの女が会社の上司にM女に調教され…
256,https:/photos-index-aid-69002.html,https:[AKYS本舗] 汚い親父の種付け調教日記
257,https:/photos-index-aid-68407.html,https:[安間] スケベ体育教師の放課後快楽調教レッスン 1-4
258,https:/photos-index-aid-68321.html,https:[无毒汉化组](C93) [トランジスタベイビィ (波多)] 風神陥落 ～対魔忍アスカ洗脳調教に堕つ～ (対魔忍アサギ)
259,https:/photos-index-aid-68265.html,https:シスターブリーディング2 義妹・月宮みらい アオカン調教編
260,https:/photos-index-aid-68263.html,https:姪っ娘ブリーディング～生田花梨軟禁調教日記
261,https:/photos-index-aid-68068.html,https:[新春山東省(ぶかつ)][密着!!カルデアコスプレセックス24時!!! ～雌豚槍王夫妻調教開発編～]
262,https:/photos-index-aid-68006.html,"https:(C72) [AirΦPraitre (ナイケル , 大石中二)] 私を肉壺M調教して下さい (コードギアス 反逆のルルーシュ)"
263,https:/photos-index-aid-67928.html,https:[橋村青樹] ハタシアイ
264,https:/photos-index-aid-67882.html,https:[OKINA] このみの調教日誌 (コミック Mate legend Vol.3 2015年6月号)
265,https:/photos-index-aid-67858.html,https:[H.B.A (うさぎなごむ)] 黄昏の娼エルフ4 [無邪気漢化組] [Digital]
266,https:/photos-index-aid-67857.html,https:[H.B.A (うさぎなごむ)] 黄昏の娼エルフ3 [無邪気漢化組] [Digital]
267,https:/photos-index-aid-67856.html,https:[H.B.A (うさぎなごむ)] 黄昏の娼エルフ2 [靴下漢化組] [Digital]
268,https:/photos-index-aid-67855.html,https:(C93) [H.B.A (うさぎなごむ)] 黄昏の娼エルフ [無邪気漢化組]
269,https:/photos-index-aid-67717.html,https:[就變態翻譯組一人樣 x 我尻故我在個人漢化#27](C95) [666PROTECT (甚六)] 弟の娘 2
270,https:/photos-index-aid-67253.html,https:(C87) [らくがきスイッチ (よーき)] 中間棲姫 調教報告書 (艦隊これくしょん -艦これ-)
271,https:/photos-index-aid-66990.html,https:[プリーツたいむ (ぬんぬ)] シスターブリーディング2 義妹・月宮みらい アオカン調教編 [兴趣使然汉化]
272,https:/photos-index-aid-66896.html,https:(C94) [milkberry (如月みゆ)] 拉致られJCと七人の種付け調教おじさん
273,https:/photos-index-aid-66530.html,https:[プリーツたいむ (ぬんぬ)] シスターブリーディング2 義妹・月宮みらい アオカン調教編 [DL版] [中国翻訳]
274,https:/photos-index-aid-66433.html,https:(C94) [対々会 (といとい)] すずか調教記録3
275,https:/photos-index-aid-66338.html,https:[プリーツたいむ (ぬんぬ)] シスターブリーディング2 義妹・月宮みらい アオカン調教編 [兴趣使然的汉化]
276,https:/photos-index-aid-66284.html,https:(同人誌) [プリーツたいむ (ぬんぬ)] シスターブリーディング2 義妹・月宮みらい アオカン調教編 (オリジナル) [DL版]
277,https:/photos-index-aid-65979.html,https:[魔劍个人汉化] [MC] 人間操りスマホ～強制コントロールで穴調教で生意気女を従順セフレに改造
278,https:/photos-index-aid-65875.html,https:[沒有漢化](C91) [焼きたてジャマイカ (あおむし)] 澤姦 ふたなりうさぎさんの澤梓快楽調教本 (ガールズ&パンツァー)
279,https:/photos-index-aid-65818.html,https:[可乐个人汉化] [ササマシン] 豊穣の魔鐘 (二次元コミックマガジン 淫具責め調教で強制発情! Vol.2)
280,https:/photos-index-aid-65681.html,https:[山田ゴゴゴ] エローナ オークの淫紋に侵された女騎士の末路 1-7
281,https:/photos-index-aid-65337.html,https:[カワディMAX] オトコのコ調教中
282,https:/photos-index-aid-65262.html,https:[午前七時の合わせカガミ (孝至、kagami0235)] 彼女のコスプレ～恥辱の女体化調教!!～
283,https:/photos-index-aid-64484.html,https:(C93) [ぽんぽんぺいん (ぽんぽん)] 浜風調教提督室 (艦隊これくしょん -艦これ-)
284,https:/photos-index-aid-64452.html,https:(同人CG集) [こっき心] 調教！折檻！マヂ屈辱！あーしビッチに堕ちたんだけどぉ
285,https:/photos-index-aid-63665.html,https:[胸垫汉化组][しを堂。 (しを。)] どんな調教でも決して屈しない戦乙女橘+ (アイドルマスター シンデレラガールズ)
286,https:/photos-index-aid-63619.html,https:(同人CG集) [三毛猫ディスコ] いいなり妹！中出し調教日記
287,https:/photos-index-aid-63191.html,https:(C94) [HJUKISM (彦馬ヒロユキ)] 催眠調教ダイアリー イリヤ編 上 (Fatekaleid liner プリズマ☆イリヤ)
288,https:/photos-index-aid-62942.html,https:[ゆずぽん酢 (有間乃ユウキ)] 催淫牢城 ～皇女洗脳変態調教録～
289,https:/photos-index-aid-62720.html,https:(同人CG集) [のり伍郎] 処女ビッチが誘ってきたので調教することにした
290,https:/photos-index-aid-62715.html,https:(C94) [モロトフカクテル (大輪田泊)] 鏡の中のCHERRIES CC (カードキャプターさくら) [中国翻訳]
291,https:/photos-index-aid-62355.html,https:(秋季例大祭3) [肌色ルイボスティー (パンダィン)] 奴隷調教古明地さとり (東方Project) [不咕鸟汉化组]
292,https:/photos-index-aid-62353.html,https:(C91) [朝寝坊クライシス (明寝マン)] 家畜調教組織CHALDEA (FateGrand Order) 【不咕鸟汉化组】
293,https:/photos-index-aid-62019.html,https:[abgrund (さいかわゆさ)] メスメリズム4 [无毒汉化组] [Digital]
294,https:/photos-index-aid-61229.html,https:【靴下汉化组】(C94) [ジャックとニコルソン (のりパチ)] ブレンドS授乳部。+ おまけ本 (ブレンド・S、ゲゲゲの鬼太郎) [DL版] (別版)
295,https:/photos-index-aid-61033.html,https:[4K漢化組][船堀斉晃] 調教相談室~完堕ち~
296,https:/photos-index-aid-61023.html,https:[風的工房][船堀斉晃] 調教相談室～完堕ち～ 調教諮詢室～完全墮落～
297,https:/photos-index-aid-60652.html,https:[Crimson CROWN (今ゾン)] 弟の恋人が昔調教した元カノだった～その後～ [[無邪気漢化組]
298,https:/photos-index-aid-60634.html,https:[4K漢化組][とんのすけ] ぼくらの(恥)調教台本
299,https:/photos-index-aid-60568.html,https:(C94) [Ichigo Crown (ゆずりあい)] 秘密1～父娘の秘密・処女貫通家庭内調教～ (オリジナル) [DL版]
300,https:/photos-index-aid-60564.html,https:[るていん][美人巨乳若妻徹底調教―会社の社長の肉便器に堕ちた妻―]
301,https:/photos-index-aid-60433.html,https:(C89) [666PROTECT (甚六)] 転校生JKエルフー放課後調教授課ー [中国翻訳
302,https:/photos-index-aid-60327.html,https:[A AshGrey Mix] 巨乳女騎士様 調教馬車の旅！
303,https:/photos-index-aid-60199.html,https:(同人CG集) [式部] お仕置き決定！ エラそうに裏口入学してきたお嬢様 ～世間をナメきった超性悪お嬢様を調教して社会とチ○ポに服従させる話～
304,https:/photos-index-aid-60095.html,https:[海色汉化] (C94) [焼きトマホークステーキ (焼きトマト)] うちのわんこの調教日誌2 (艦隊これくしょん -艦これ-)
305,https:/photos-index-aid-60060.html,https:(同人CG集) [黒りりの部屋 (Lilish)] 緊縛調教性奴研究施設
306,https:/photos-index-aid-59837.html,https:(C94) [スタジオあるた (久水あるた)] 清楚で可憐な女教師も簡単に肉奴隷に調教できる催眠アプリがあるって本当ですか？ (オリジナル) [DL版]
307,https:/photos-index-aid-59381.html,https:[Crimson CROWN (今ゾン)] 弟の恋人が昔調教した元カノだった [無邪気漢化組]
308,https:/photos-index-aid-59361.html,https:[無邪気漢化組][Crimson CROWN (今ゾン)] 弟の恋人が昔調教した元カノだった [中国翻訳]
309,https:/photos-index-aid-58999.html,https:[めるとソフト][家元調教。]
310,https:/photos-index-aid-58571.html,https:[ゆずや (ユズハ)] 過ち -弱みを握られ、篭絡される少女- (オリジナル) [DL版] [無邪気漢化組][MJK-18-T1314]
311,https:/photos-index-aid-58302.html,https:[狼少女団][魔法少女リリィ～魔族に負けるたびに陵辱調教される物語～]
312,https:/photos-index-aid-58247.html,https:[DLメイト]妹達を催眠で従順な俺の生オナホに調教してみた
313,https:/photos-index-aid-58137.html,https:[風的工房][時丸佳久 原作：磯貝武連] エルフの国の宮廷魔導師になれたので姫様に性的な悪戯をしてみた 當上精靈國的宮廷魔導 師所以偷偷的對公主她性愛的惡戲了一下試試
314,https:/photos-index-aid-58052.html,https:[4K掃圖組][成島ゴドー] 嫌いな奴等の女を種付け調教
315,https:/photos-index-aid-58049.html,https:[DLメイト] 万引き女子調教日誌～万引きで捕まった友達が店長に調教されて性奴隷になっていた話～
316,https:/photos-index-aid-58035.html,https:[風的工房][成島ゴドー] 嫌いな奴等の女を種付け調教 對討厭的傢伙們的女人播種的調教
317,https:/photos-index-aid-57847.html,https:(同人誌) [放課後居残り組 (仁志田メガネ)] 女将軍アルテシア～中出し孕ませ調教～ (オリジナル)
318,https:/photos-index-aid-57813.html,https:(C90) [ハニーバニー (こはち)] 少年女装調教~天音~3 [不协和音汉化]
319,https:/photos-index-aid-57706.html,https:[HERENCIA]監獄女王＆姫 ～ドS女看守達によるM男化調教～
320,https:/photos-index-aid-57664.html,https:(COMIC1☆13) [スタジオあるた (久水あるた)] 高嶺の花の同級生も簡単に肉便器に調教できる催眠アプリがあるって本当ですか？ (オリジナル) [DL版]
321,https:/photos-index-aid-57590.html,https:[灰司] 近女誘惑 第三弾 ＜友達のお母さん編＞ 前編
322,https:/photos-index-aid-57563.html,https:[一弘] アナル便女量産調教
323,https:/photos-index-aid-57271.html,https:[就變態翻譯組一人樣 x 我尻故我在個人漢化](C94) [666PROTECT (甚六)] 弟の娘
324,https:/photos-index-aid-57231.html,https:[DLメイト] 催眠ハーレムレッスン!声楽部の女の子達を精液調教しちゃいました。
325,https:/photos-index-aid-57122.html,https:(C94) [大理石 (墓場)] 魔導戦士セリス 調教凌辱快楽地獄 (ファイナルファンタジーVI)
326,https:/photos-index-aid-57116.html,https:(C93) [対々会 (といとい)] すずか調教記録2 (オリジナル)
327,https:/photos-index-aid-56678.html,https:初めての寝取られマゾ化調教～お泊りデート編
328,https:/photos-index-aid-56615.html,https:[風的工房][仙道八] こわしてあそぼ ともだちいっぱい 崩壞調教性遊戲親朋好友一起下海
329,https:/photos-index-aid-56310.html,https:(C73) [バス停シャワー (桂井よしあき)] SCHOOL GIRL-フェイト・すずか・アリサ・学園調教本- (魔法少女リリカルなのは)
330,https:/photos-index-aid-55796.html,https:[焼きトマホークステーキ (焼きトマト)] うちのわんこの調教日誌
331,https:/photos-index-aid-55791.html,https:(同人CG集) [WHITEWILL] 巨乳JK肉便器調教
332,https:/photos-index-aid-55770.html,https:[海色汉化] (C91) [焼きトマホークステーキ (焼きトマト)] うちのわんこの調教日誌 (艦隊これくしょん -艦これ-)
333,https:/photos-index-aid-55647.html,https:[Zutta] Reverse Pain ( 二次元コミックマガジン 淫具責め調教で強制発情! Vol.2) [中国翻訳]
334,https:/photos-index-aid-55645.html,https:[べるがもっと] マゾブタ第二話調教と反抗 (史上最強の弟子ケンイチ) [中国翻訳]
335,https:/photos-index-aid-55643.html,https:[べるがもっと] マゾブタ第四話 供物と献身 (史上最強の弟子ケンイチ)
336,https:/photos-index-aid-55611.html,https:(COMIC1☆10) [Labomagi! (Takeda Aranobu)] Atago to Takao no Chotto Hard na Choukyou Seikatsu (Kantai Collection -KanColle-) [Chinese] [空気系☆漢化]
337,https:/photos-index-aid-55589.html,https:[蒟蒻鍋 (magifuro蒟蒻)] ふたなりゆかりさんに逆アナル調教される本 (VOCALOID) [沒有漢化] [DL版]
338,https:/photos-index-aid-55424.html,https:(C93) [ねこバス停 (しゃあ)] PCS Teacher「白昼の淫戯奴隷レッスン」 (アイドルマスター シンデレラガールズ) [中国翻訳]
339,https:/photos-index-aid-55229.html,https:[納屋] 奴隷飼育マンション1 若妻啼泣調教編 [中国翻訳]
340,https:/photos-index-aid-55200.html,https:[おかゆさん] 絶倫じじいが調教快護! (1)
341,https:/photos-index-aid-55141.html,https:(C92) [対々会 (といとい)] すずか調教記録 (オリジナル)
342,https:/photos-index-aid-55131.html,https:[chin] サクセックスストーリーズ 啜飲吸食性愛的超淫靡故事 [中国翻訳]
343,https:/photos-index-aid-55130.html,https:[chin] 種付け! プレス プレス プレス 播種吧！拜託你拜託你拜託你 [中国翻訳]
344,https:/photos-index-aid-55045.html,https:[沒有漢化][ブリッツクリーク、doskoinpo] 初めての貢ぎマゾ化調教1 +2
345,https:/photos-index-aid-54982.html,https:[Crimson CROWN]弟の恋人が昔調教した元カノだった～その後～
346,https:/photos-index-aid-54966.html,https:(同人CG集) [あんかけCha-haN] 強制 催眠⇔覚醒
347,https:/photos-index-aid-54908.html,https:(同人CG集) [180R] 生意気妹をハメまくり調教して兄専用肉便器にする話
348,https:/photos-index-aid-54888.html,https:奴隷調教古明地さとり
349,https:/photos-index-aid-54802.html,https:(同人CG集) [苺ドレッシング (肉そうきゅー。)] 夏休み監禁性活 -優等生を雌奴隷になるまで徹底的に調教する二週間
350,https:/photos-index-aid-54778.html,https:[マグカップ (馬克杯)] フレンダちゃんのビリビリ調教法 (とある科学の超電磁砲)
351,https:/photos-index-aid-54752.html,https:[じゃが山たらヲ] 悪魔がぼくを (COMIC 高 2018年8月号) [中国翻訳] [DL版]
352,https:/photos-index-aid-54749.html,https:(同人CG集) [さむらい一家 (くれよん)] 反抗的な巨乳娘と爆乳母を躾け母娘丼を楽しむ中年野郎
353,https:/photos-index-aid-54748.html,https:(同人CG集) [さむらい一家 (くれよん)] 憧れの先輩を庇う為に鬼畜教師に調教された寝取られ清純女子マネージャー
354,https:/photos-index-aid-54708.html,https:[風的工房][一弘] 愛嬢の淫辱エルフ 愛孃的淫辱女精靈
355,https:/photos-index-aid-54647.html,https:[巻貝一ヶ] 離島の真知子 第2話 ～地下に潜む催眠美女～ (サイベリアマニアックス 催眠調教デラックス Vol.002) [DL版]
356,https:/photos-index-aid-54483.html,https:[AREA188]子供の頃から憧れの優しくて巨乳な友ママをセフレ彼女に調教して仕込みました
357,https:/photos-index-aid-54478.html,https:(同人CG集) [AREA188] 痴漢動画をネタに脅迫され 悪友に調教され悶える俺の妻-美穂子 [ページ補足]
358,https:/photos-index-aid-54313.html,https:[ふぁんとむ] 調教ヒロイン [中]
359,https:/photos-index-aid-54163.html,https:[DM-FC (俵緋龍)] 生意気!キッツイ女上司 高岡奈央(人妻w)←クズ社員の俺が金の力で肉便器に調教中! [中国翻訳]
360,https:/photos-index-aid-54017.html,https:(同人CG集) [くりてぃかるひぅと] 生意気娘を調教して俺専用のエロオナホにしてみました。
361,https:/photos-index-aid-53842.html,https:[Yamamoto Yammy] Bijin Ane Choukyou   調教美女姊姊 (COMIC Grape Vol. 42) [Chinese] [漢化組漢化組
362,https:/photos-index-aid-53808.html,https:義祖母、調教中。～仲良しの秘訣はSMです。～
363,https:/photos-index-aid-53144.html,https:(C73) [バス停シャワー (桂井よしあき)] SCHOOL GIRL-フェイト・すずか・アリサ・学園調教本- (魔法少女リリカルなのは) [中国翻訳]
364,https:/photos-index-aid-53024.html,https:(同人誌) [Crimson CROWN (今ゾン)] 弟の恋人が昔調教した元カノだった
365,https:/photos-index-aid-52754.html,https:[mon-petit (もんぷち)] 夏が終わるまで アナル編 [中国翻訳] [DL版
366,https:/photos-index-aid-52617.html,https:[アンソロジー] 二次元コミックマガジン 玉責め調教で屈服射精イキ!Vol.1 [中]
367,https:/photos-index-aid-52576.html,https:[leoR8714個人漢化][CircleΣ (泡盛一太朗)] 吸血鬼アサギ～姦淫調教奴隷～ (対魔忍アサギ)[DL版]
368,https:/photos-index-aid-52442.html,https:[アンソロジー] 調教の館 SLAVE ROOM VOL.1 [中]
369,https:/photos-index-aid-52435.html,https:(同人CG集) [るていん] 催眠アプリで陥落!!狙った獲物を催眠調教!!~後編~
370,https:/photos-index-aid-52398.html,https:(同人CG集) [るていん] 催眠アプリで陥落!!狙った獲物を催眠調教!!~前編~
371,https:/photos-index-aid-52120.html,https:[風的工房][にの子] School Festa  校園裡的性愛祭典
372,https:/photos-index-aid-52093.html,https:(同人CG集) [やればできる娘。] 生意気な女上司を調教してやった
373,https:/photos-index-aid-51787.html,https:[魔劍个人汉化] (C91) [昇竜安井会 (星野竜一)] 人妻管理人響子4 調教編2 (めぞん一刻)
374,https:/photos-index-aid-51786.html,https:[魔劍个人汉化] (C88) [昇竜安井会 (星野竜一)] 人妻管理人響子3 調教編1 (めぞん一刻)
375,https:/photos-index-aid-51781.html,https:[K记翻译][三毛蔵亭]失踪妻子成为土著 行方不明だった妻が性を信仰する部族の一員になっていた話
376,https:/photos-index-aid-51772.html,https:[セイバーフィッシュ] 媚薬トランス劣情リリース -可愛いくせに性欲強過ぎの制服女子- (ニセコイ)
377,https:/photos-index-aid-51765.html,https:[セイバーフィッシュ]-To LOVEる -とらぶる-合集
378,https:/photos-index-aid-51762.html,https:(COMIC1☆13) [Rip@Lip (水原優)] 迷娘、拾いました。～調教編～ (オリジナル) [DL版]
379,https:/photos-index-aid-51481.html,https:[milkholic] ネトラレ修學旅行 [女友NTR.全彩]
380,https:/photos-index-aid-51469.html,https:[中華なると] 女捜査官調教連鎖+麻薬調教
381,https:/photos-index-aid-51463.html,https:[中華なると] 女教師京子～快楽調教室～
382,https:/photos-index-aid-51462.html,https:[中華なると] 女教師礼子〜催淫調教室〜
383,https:/photos-index-aid-51351.html,https:[あと7分 (Roki、りんどう)] ココロトコネクト (東方Project) [DL版][中国翻訳]
384,https:/photos-index-aid-51288.html,https:·母親を調教してるけど何か良いプレイある?
385,https:/photos-index-aid-51087.html,https:(同人CG集) [TORYA! (やっく)] 片田舎に嫁いできたロシア娘とHしまくるお話❤
386,https:/photos-index-aid-50631.html,https:[風的工房][復八磨直兎] 聖百合ヶ丘女学園性奴会 聖百合之丘女學園性奴會
387,https:/photos-index-aid-50620.html,https:(同人CG集) [ジョールボイント] なまいき不良娘をチ〇ポ漬け調教教育
388,https:/photos-index-aid-50577.html,https:(同人CG集) [ブロッサムエイト] 堕ちた受験生～図書館調教ヤリたい放題！～
389,https:/photos-index-aid-50485.html,https:[尾山泰永] 女教師調教
390,https:/photos-index-aid-50409.html,https:[紳士交流区 (blade)] 生意気なオレにマスターが令呪を… (FateApocrypha)
391,https:/photos-index-aid-50356.html,https:[クリムゾン] 囮捜査官キョウカ6 終わりなき快楽調教
392,https:/photos-index-aid-50253.html,https:(C93) [ゐちぼっち (一宮夕羽)] むちむち処女ビッチをめちゃくちゃ調教したい本（Chinese）［胸垫汉化组］
393,https:/photos-index-aid-50191.html,https:[肉そうきゅー。] 箱庭ニ咲ク雌ノ華 1 〜調教の始まり‘長女はレイプに屈辱の喘ぎ声を漏らす’〜 (コミックグレープ Vol.53) [中国翻訳]
394,https:/photos-index-aid-49906.html,https:[上杉響士郎] お嬢様の乗馬スタイル調教日記
395,https:/photos-index-aid-49718.html,https:(C93) [夢茶会 (むちゃ)] 千鶴ちゃん開発日記5 [中国翻訳]
396,https:/photos-index-aid-49618.html,https:(同人CG集) [くりてぃかるひぅと] むちむちッ!美少女○学生姉妹調教レ○プ
397,https:/photos-index-aid-49540.html,https:[三色坊 (黑青郎君)] 百華莊《下女牡丹の憂鬱》 [中国語] [DL版]
398,https:/photos-index-aid-49493.html,https:(サンクリ2018 Spring) [じゃじゅじょ (じょぶじゅん。)] このスケベな爆裂娘に調教を! (この素晴らしい世界に祝福を!)
399,https:/photos-index-aid-49426.html,https:[无毒汉化组] [妄想美術部 (しょーやん)] Beginning Black
400,https:/photos-index-aid-49252.html,https:(同人誌) [夢茶会 (むちゃ)] ちーちゃん開発日記～恋する乙女な姪っ子が叔父に犯され、調教され…～ [DL版]
401,https:/photos-index-aid-48953.html,https:(C93) [HJUKISM (彦馬ヒロユキ)] 催眠調教ダイアリー♥ (Fate kaleid liner プリズマ☆イリヤ) [中国翻訳]
402,https:/photos-index-aid-48786.html,https:[くっくみるく][公開☆中だし総選挙!調教されたJK]
403,https:/photos-index-aid-48227.html,https:[脸肿汉化组] (C93) [あいいろさくら (相川りょう)] 鈴谷調教記録 お尻調教編 (艦隊これくしょん -艦これ-)
404,https:/photos-index-aid-48204.html,https:[復八磨直兎] 聖百合ヶ丘女学園性奴会和集
405,https:/photos-index-aid-48165.html,https:[瑞树汉化](ふたけっと13) [まるちぃず (るんるん)] 英傑勇者雌調教記録 (ゼルダの伝説)
406,https:/photos-index-aid-48095.html,https:(C92) [集団暴力 (むらさき朱)] キミはボクの太陽だ2 (冴えない彼女の育てかた)
407,https:/photos-index-aid-48055.html,https:[靴下汉化组](C88) [女騎士の城 (送り萬都)] 魔法少女の調教遊戯 (Fate kaleid liner プリズマ☆イリヤ)
408,https:/photos-index-aid-48046.html,https:[モロヘイ屋(アガタ)]とある禁書の露出調教(とある魔術の禁書目録)
409,https:/photos-index-aid-47609.html,https:[靴下汉化组] [椎名鯛] 調教されたadmiral (艦隊これくしょん -艦これ-)
410,https:/photos-index-aid-47572.html,https:[沒有漢化][火愚夜]女王ノ戯レ( 二次元コミックマガジン O具責め調教で強制発X请！ Vol.1 )
411,https:/photos-index-aid-47215.html,https:千鶴ちゃん開発日記5
412,https:/photos-index-aid-47186.html,https:[チョコぱへ] 催眠強制ラブラブ種付け (サイベリアマニアックス 催眠調教デラックス Vol.4) [中国翻訳] [DL版]
413,https:/photos-index-aid-47183.html,https:[さんかく同盟] 太陽サンサン熱血野外調教
414,https:/photos-index-aid-47056.html,https:(C93) [黒クド屋 (ふりすく)] 城ヶ崎莉嘉がオヤジに催眠調教される冒頭話 (アイドルマスター シンデレラガールズ)
415,https:/photos-index-aid-45797.html,https:[柿ノ本歌磨] 崩壞的慟哭(Chinese)
416,https:/photos-index-aid-45796.html,https:[毛野楊太郎] 快樂的課外授業_楽しい課外授業
417,https:/photos-index-aid-45788.html,https:[藤宮博士] 美少女監禁飼育日記～_少女の飼い方・しつけ方 ～[灵梦书院汉化]
418,https:/photos-index-aid-45661.html,https:(蒼月祭24) [SeaFox (霧咲白狐)] 私のヘビ女がドスケベな後輩に調教されて公の場で脱皮する本 (FateGrand Order) [中国翻訳]
419,https:/photos-index-aid-45618.html,https:(ふたけっと13.5) [千夜茶房 (α・アルフライラ)] ふたなり鹿島にメス調教されちゃった提督さん (艦隊これくしょん -艦これ-) [中国翻訳]
420,https:/photos-index-aid-45467.html,https:[風的工房][中華なると] 女教師礼子~催淫調教室~
421,https:/photos-index-aid-44751.html,https:[CEx脸肿汉化组][プリーツたいむ(ぬんぬ)]姪っ娘ブリーディング～生田花梨軟禁調教日記～
422,https:/photos-index-aid-44513.html,https:[NCP] SEX漬けになり手先になった生徒会女子達に命令して新入生を調教レズプレイさせてみた
423,https:/photos-index-aid-44215.html,https:[Go! Go! Heaven!!][寝取られた巨乳美人母娘～俺の自慢の妻と娘がいつの間にか男に調教されてデリヘル嬢になっていた件について～]
424,https:/photos-index-aid-43746.html,https:[毛野楊太郎]將廁所打掃乾淨(Chinese)
425,https:/photos-index-aid-43669.html,https:[柿ノ本歌麿] 秘蜜の叛乱(chinese)
426,https:/photos-index-aid-43548.html,https:[毛野楊太郎]冥奴慾戲[Chinese]
427,https:/photos-index-aid-43223.html,https:[M (天野雨乃)] (C62) アカリはM ～調教編～ (ヒカルの碁)
428,https:/photos-index-aid-43194.html,https:[4K掃圖組][毛野楊太郎] トイレはきれいに
429,https:/photos-index-aid-43182.html,https:(C92) [寝ヲチEX (相武ゆえ)] ありすと秘密の調教部屋 (アイドルマスター シンデレラガールズ)
430,https:/photos-index-aid-43077.html,https:[4K掃圖組][船堀斉晃] 調教相談室
431,https:/photos-index-aid-43073.html,https:[巨困汉化组] [大きな器 (新井大器)] オちたユメのナカで
432,https:/photos-index-aid-42790.html,https:調教家政婦
433,https:/photos-index-aid-42788.html,https:[すえひろがり] CAGE2
434,https:/photos-index-aid-42787.html,https:[すえひろがり] CAGE1
435,https:/photos-index-aid-42762.html,https:[CE家族社] (サンクリ64) [Imitation Moon (成海優)] うちの浜風は調教ずみ (艦隊これくしょん -艦これ-)
436,https:/photos-index-aid-41997.html,https:[天月ntr汉化組][うるう島(うるう島呼音)]しぐれ調教記(史上最強の弟子ケンイチ)
437,https:/photos-index-aid-41488.html,https:(C84)[OVing(おぶい)][変態ドラフ牧場2 -ラスティナ調教編-](CE家族社)
438,https:/photos-index-aid-41480.html,https:[すえひろがり] CAGE 2(2D成漫漢化組)
439,https:/photos-index-aid-41479.html,https:[すえひろがり] CAGE 1(2D成漫漢化組)
440,https:/photos-index-aid-41362.html,https:[きちくな恵田] ぺいんとちゃん [用小畫家漢化的勵空個人漢化]
441,https:/photos-index-aid-41223.html,https:(C92)[COMEX (珍緑)]この堕落した女騎士に祝福を!(為美好的世界獻上祝福)
442,https:/photos-index-aid-41069.html,https:[ザキザラキ] ハメ好きっず
443,https:/photos-index-aid-40836.html,https:[風的工房][かたせなの] M系彼女調教性活
444,https:/photos-index-aid-40798.html,https:[沒有漢化] [月下火愚夜] 女王ノ戯レ (二次元コミックマガジン 淫具責め調教で強制発情！ Vol.1) [DL版]
445,https:/photos-index-aid-40501.html,https:[Sex Syndrome] ガチ本壊ちゃん 過去最高感度の過去最高おっぱい 10代J○から調教済みオフパコびっちレイヤー 美波さんデレます！[H]
446,https:/photos-index-aid-40350.html,https:[クリムゾン][勇者鬥惡龍 ゼシカ堕 (DRAGON QUEST)
447,https:/photos-index-aid-40155.html,https:[夜馬勝絵] 調教凌辱教室
448,https:/photos-index-aid-39945.html,https:[MON-MON] 真性M女露出調教
449,https:/photos-index-aid-39767.html,https:[風的工房][シロノマヒロ] 欲負け妻の淫乱本性
450,https:/photos-index-aid-39713.html,https:[風的工房][一弘] 全穴媚薬調教 肉便器コレクション
451,https:/photos-index-aid-39630.html,https:[CE家族社] (C91) [勇者様御一行 (ねみぎつかさ)] 雌牛奴隷サラの寝取られ調教日誌 (艦隊これくしょん -艦これ-)
452,https:/photos-index-aid-39532.html,https:[星野竜一] 婬堕の罠~芸能人母娘輪姦調教
453,https:/photos-index-aid-39334.html,https:[一弘] 全穴媚薬調教 肉便器コレクション
454,https:/photos-index-aid-39273.html,https:(同人CG集) [まろん☆まろん] ガキにもどって犯りなおしっ!!!
455,https:/photos-index-aid-38775.html,https:[ながしま超助] ガールズ・マスト・ダイ!
456,https:/photos-index-aid-38740.html,https:[渣渣汉化组]_[うにの種]人工魔法少女育成記_上(魔法少女リリカルなのは)
457,https:/photos-index-aid-38725.html,https:[Sex Syndrome] チ本壊ちゃん 過去最高感度の過去最高おっぱい 10代J○から調教済みオフパコびっちレイヤー 楓さんデレます[H]
458,https:/photos-index-aid-37910.html,https:[無邪気漢化組] [ゆきうさぎ。] ドワーフ娘調教記録 (コミックアンリアル 2017年4月号)
459,https:/photos-index-aid-37854.html,https:[香月りお] 妹催眠調教マニュアル
460,https:/photos-index-aid-37725.html,https:[Menethil个人汉化] [脇乃敬文] 姦察実験室 (サイベリアマニアックス 催眠調教デラックス Vol.1) [DL版]
461,https:/photos-index-aid-37449.html,https:[高津] エリザ様ご用心! 第1-6章+after [好野柯個人漢化]
462,https:/photos-index-aid-37251.html,https:[空気系☆漢化] [なまけもの騎士団 (田中あじ)] アンスイート黒瀬勝子+(プラス) 調教
463,https:/photos-index-aid-37123.html,https:[ssps个人汉化] [ミルフ書房] 出張するお父さん 調教されるお母さん
464,https:/photos-index-aid-36897.html,https:[Sex Syndrome] ガチ腹黒ちゃん 18歳Fカップ低身長ロリレイヤー性処理便女ドM調教記録 ガーリッシュナンパー やえぽん#3
465,https:/photos-index-aid-36339.html,https:[魔劍个人汉化-SIS][華フック] 調教師・ミソギの仕事 その1 とある母子の強制近親相姦
466,https:/photos-index-aid-36304.html,https:[hcom] 時間停止ウォッチ～学校で偉そうな女子会長を止めて生ハメ調教中
467,https:/photos-index-aid-36301.html,https:[hcom] 絶対服従～女子部員達の生ハメ調教記録
468,https:/photos-index-aid-35806.html,https:催眠調教学園
469,https:/photos-index-aid-35620.html,https:[肉そうきゅー] 学園淫具教育 ～怪しい道具で美少女を調教三昧 [中国翻訳] [DL版]
470,https:/photos-index-aid-35592.html,https:(C91) [Fatalpulse (朝凪)] VictimGirls22 女王鹿島の調教日誌 + 画礫24 (艦隊これくしょん -艦これ-) [中国翻訳]
471,https:/photos-index-aid-35471.html,https:[Menethil個人漢化] [肉そうきゅー。] 催眠アプリであの娘をカス魂イズしてレイプ調教お手のモノ！？ (催淫制服処女)
472,https:/photos-index-aid-35418.html,https:[黑條漢化] [ぶた小屋 (ケミガワ)] 堕落令嬢 箱入りお嬢様寝取られ調教記録
473,https:/photos-index-aid-35344.html,https:(C91) [夢茶会 (むちゃ)] 千鶴ちゃん開発日記4 [中国翻訳]
474,https:/photos-index-aid-34772.html,https:[final個人漢化] (C90) [一ノ瀬 (一ノ瀬ランド)] 大淀調教 ~真実の愛を求めて~ (艦隊これくしょん -艦これ-)
475,https:/photos-index-aid-34694.html,https:[八十万禁书教头汉化] [AKYS本舗] じらされエルフの調教日記
476,https:/photos-index-aid-34056.html,https:[風的工房][かわもりみさき] 孕ませ！人妻調教教師
477,https:/photos-index-aid-34055.html,https:[かわもりみさき ] 孕ませ！人妻調教師
478,https:/photos-index-aid-34023.html,https:[Faker] 性隷少女 調教編 (新世紀エヴァンゲリオン)
479,https:/photos-index-aid-33930.html,https:[くっくみるく] 公開☆中だし総選挙！調教されたJK
480,https:/photos-index-aid-33579.html,https:[Benny個人漢化] [うらろじ (海田路)] 発情!猫姫調教戦!? (DOG DAYS)
481,https:/photos-index-aid-33385.html,https:[フリテン堂] 恋人未満友達以上の幼馴染が俺の知らない所でバイト先の店長にガチ調教されていた件
482,https:/photos-index-aid-33379.html,https:[フリテン堂] 手も握らないうちに突然失踪した俺の彼女が調教済みの状態でオークションに出品されていた上に隣のおっさんに落札された件について
483,https:/photos-index-aid-33097.html,https:[黑条汉化] (C83) [Viento Campanilla (すずはねすず)] もしもホライゾンがドMなら調教済みでも仕方ない…よね!? (境界線上のホライゾン)
484,https:/photos-index-aid-32897.html,https:ガチ洗脳ちゃん 高慢ちき有名レイヤー従順屈服肉奴隷リゼロシャス　E・M・T(エ○リアたん・マジ・調教)
485,https:/photos-index-aid-32816.html,https:[大正ロマネスク (遠野すいか)] カルデア調教記録 (Fate Grand Order) [MEGA巨莖怪漢化]
486,https:/photos-index-aid-32812.html,https:[はす家] 鄙びた温泉宿で完全調教済みの母娘を寝取るという事
487,https:/photos-index-aid-32782.html,https:[星野竜一] 婬堕の罠~芸能人母娘輪姦調教
488,https:/photos-index-aid-32594.html,https:[Alter Maschine] 人妻 調教 もしもそれが自分の妻だったら。
489,https:/photos-index-aid-32463.html,https:[藤宮博士] 少女の飼い方・しつけ方 ～美少女監禁飼育日記～
490,https:/photos-index-aid-32186.html,https:[Tiramisu] 【結成！孕ませ部】ダメ教師がいじめっ娘たちを催眠で更生させた淫乱調教日誌！
491,https:/photos-index-aid-32182.html,https:[Tiramisu] 【真性ロリビッチ】憧れの人気アイドルをボク好みに調教してアヘ顔Wピースさせちゃいました♪
492,https:/photos-index-aid-32023.html,https:[唄飛鳥] ハメトラレ
493,https:/photos-index-aid-31992.html,https:[Wasabiberry JAM] ふたなり愛玩調教
494,https:/photos-index-aid-31947.html,https:[ディビ] 発情と調教のあいだ最終話 [沒有漢化]
495,https:/photos-index-aid-31946.html,https:[らぼまじ! (武田あらのぶ)] ヴィーラ快楽調教日誌 (グランブルーファンタジー)[CE家族社]
496,https:/photos-index-aid-31875.html,https:[マスタングR] 調教鬼 ～イカす肉の女天獄～
497,https:/photos-index-aid-31850.html,https:[viento campanilla (すずはねすず)] 快楽水槽 ～大木雙葉とダイビングショップ店長(51)のSEXに溺れる夏の調教合宿～ (あまんちゅ！) [沒有漢化]
498,https:/photos-index-aid-31843.html,https:[船堀斉晃] 調教相談室 (漫畫ばんがいち 2016年9月號) [beamsinbox漢化]
499,https:/photos-index-aid-31687.html,https:[こねずステップ!+Ziggurat (鈴月あこに)] JK嫁桜の野外授業 [無邪気漢化組]
500,https:/photos-index-aid-31345.html,https:(C84) [尾髭丹] おひげぼん‐45 ケンタ君のお姉ちゃんうんち調教日記
501,https:/photos-index-aid-31165.html,https:[蜥蜴重工 (蚯蚓)] 魔王に敗けた冒険者たち
502,https:/photos-index-aid-30881.html,https:[アトリエさくら Team.NTR] 貸し出し妻、満里奈の“ネトラセ”報告 外伝2 ―OL満里奈の童貞調教―
503,https:/photos-index-aid-30699.html,https:[児島未生] 淫姦のシルヴィア ウォー！
504,https:/photos-index-aid-30694.html,https:[きあい猫]ラブラブ _ あぶのーまる [中]
505,https:/photos-index-aid-30592.html,https:[空巣] しつけあい
506,https:/photos-index-aid-30526.html,https:[yumoteliuce] ペットな彼女の調教録 (COMIC BAVEL 2016年7月号) [beamsinbox漢化]
507,https:/photos-index-aid-30301.html,https:[マグカップ (馬克杯)] フレンダちゃんのビリビリ調教法 (とある科学の超電磁砲) [scanned by chung2795]
508,https:/photos-index-aid-30190.html,https:[雨傘峠] 巨乳女教師をマゾでビッチな奴隷へ調教!(済)
509,https:/photos-index-aid-30028.html,https:[shakestyle (ShAKe)] 五十嵐柚葉調教日誌3 「ねぇ 私と...する？」 [最愛路易絲澪漢化組]
510,https:/photos-index-aid-29945.html,https:[ながしま超助] ガールズ・マスト・ダイ! 第1-2話 [i751207個人漢化]
511,https:/photos-index-aid-29626.html,https:[ディビ] 発情と調教のあいだ 第2話
512,https:/photos-index-aid-29538.html,https:[エムシー] スワッピング～お互いの彼女を寝取り調教!？～
513,https:/photos-index-aid-29437.html,https:[ディビ] 発情と調教のあいだ 第1話
514,https:/photos-index-aid-29310.html,https:kkkk0258[星野竜一] 催眠調教学園
515,https:/photos-index-aid-29285.html,https:[Bカイマン] 奴隷社員アナルマゾ調教3-人妖篇（有条色狼汉化）
516,https:/photos-index-aid-29021.html,https:[MC] 新卒催眠研修～社長の命令は絶対の社畜調教
517,https:/photos-index-aid-28777.html,https:[星野竜一] 催眠調教学園
518,https:/photos-index-aid-28356.html,https:[汉化] (C88) [千夜茶房 (α・アルフライラ)] ふたなりお姉さん×男の娘 コスプレイヤー♥メス堕ち調教
519,https:/photos-index-aid-28327.html,https:[rbooks] 魔法少女達が悪洗脳されて絶対服従のおま○こ下僕へ調教完了
520,https:/photos-index-aid-28309.html,https:[色点屋] 新人従騎士の一日
521,https:/photos-index-aid-27716.html,https:[Zutta] 敗北した勇者たち (二次元コミックマガジン 状態変化でバッドエンド! Vol.2)
522,https:/photos-index-aid-27513.html,https:[雪野みなと] よごとひめごと [DL版]
523,https:/photos-index-aid-27215.html,https:(同人CG集) [ぱらどっくす。] J○姦禁キメセク調教―美少女仲良し学生二人は共同公衆肉便器―
524,https:/photos-index-aid-27202.html,https:(同人CG集) [惑星的趣向] 姫騎士催眠調教
525,https:/photos-index-aid-27195.html,https:(同人CG集) [B組] 『檻』ー淫肉調教録ー
526,https:/photos-index-aid-26893.html,https:[まるまるアルマジロー (まじろー)] DOA DOA HARD CORE 紅葉染 (デッド・オア・アライブ)
527,https:/photos-index-aid-26872.html,https:(C78) [果物物語(黒石りんご)] 遊女 [無邪気漢化組]
528,https:/photos-index-aid-26692.html,https:[泉泉泉(Sen)]ぴっちりスーツメイドと童貞貴族 [无毒汉化组]
529,https:/photos-index-aid-26688.html,https:調教済み雌竜奴隷
530,https:/photos-index-aid-26681.html,https:[大陸間弾道弾団 (桜ロマ子)] あの娘が夏休みに旅行先でお尻の穴を気絶する程嬲られ続ける漫画
531,https:/photos-index-aid-26546.html,https:[スタジオ奪] 営業部第4課 牝豚調教飼育係
532,https:/photos-index-aid-26501.html,https:[どくろさん] わたしのおしごと (COMIC 快楽天XTC vol.5)
533,https:/photos-index-aid-26478.html,https:[そらむね (柚子ラムネ)] へんたい露出フレンズ
534,https:/photos-index-aid-26428.html,https:[もくふう] プロジェクション・セックス (えくすたしーホリック)
535,https:/photos-index-aid-26320.html,https:[空巣]Wild Therapy
536,https:/photos-index-aid-26269.html,https:[秒殺狸団 (佐伯達也)] 家庭教師のマドロス
537,https:/photos-index-aid-26237.html,https:[ちみチャンガ] 逆転パラレルワールド彼女 (コミックアンリアル 2016年4月号)
538,https:/photos-index-aid-26219.html,https:[シュガーミルク] お姉さんと遊ぼう♥ (ガールズフォーム Vol.8)
539,https:/photos-index-aid-26128.html,https:[藤味] 少女惨華
540,https:/photos-index-aid-26079.html,https:[アルゴラグニア(みこしろ本人)] 返却済みVol.3
541,https:/photos-index-aid-25954.html,https:[大陸間弾道弾団 (桜ロマ子)] あの娘が毎日お尻の穴にぶっ太モノを入れられ何度も絶頂に達する漫画
542,https:/photos-index-aid-25875.html,https:(C89) [じょなさんず (uku)] 密着取材ドキュメント 渋谷凛アイドルの素顔 (アイドルマスター シンデレラガールズ)
543,https:/photos-index-aid-25754.html,https:(C88) [shakestyle (ShAKe)] 五十嵐柚葉調教日誌2 「お願い…私を犯して...」
544,https:/photos-index-aid-25734.html,https:(C87) [shakestyle (ShAKe)] 五十嵐柚葉調教日誌1 「私…汚れちゃいました」
545,https:/photos-index-aid-25717.html,https:[しらそ] クリトリス·ハザード (二次元コミックマガジン デカクリ美少女クリイキ地獄 Vol.1)
546,https:/photos-index-aid-25687.html,https:[shakestyle (ShAKe)] 五十嵐柚葉調教日誌2 「お願い…私を犯して...」
547,https:/photos-index-aid-25671.html,https:[shakestyle (ShAKe)] 五十嵐柚葉調教日誌1 「私…汚れちゃいました」
548,https:/photos-index-aid-25551.html,https:[あいいろさくら (相川りょう)] 空母ヲ級ちゃんの島風百合奴隷調教～天津風ちゃんと一緒編～ (艦隊これくしょん -艦これ-)
549,https:/photos-index-aid-25404.html,https:(C88) [High-Spirit (あおぎりぺんた)] じょそオナ・エクスタシス! 総集編
550,https:/photos-index-aid-25367.html,https:(C89) [魚ウサ王国 (魚ウサ王)] 水兵りべちゃんは僕らのお船 (艦隊これくしょん -艦これ-)
551,https:/photos-index-aid-25138.html,https:少女物品化カタログ
552,https:/photos-index-aid-25136.html,https:(C89) [音速エビフライ (レゥ)] 再教育で奴隷になった僕
553,https:/photos-index-aid-25011.html,https:[まよねーず。] あの娘のクラスはAV科
554,https:/photos-index-aid-24976.html,https:(C81) [Studio30NEKO (fukunotsukuribe)] MromantikXX CN
555,https:/photos-index-aid-24938.html,https:Artist - 膕舐郎
556,https:/photos-index-aid-24808.html,https:[EB110SS] 少女レシピ
557,https:/photos-index-aid-24790.html,https:[福永ゆきと] ハメ頃・ローティーン
558,https:/photos-index-aid-24782.html,https:(C89) [琴乃舎 (むつみまさと)) Das Leiden von Schneeweichen (RWBY) [想抱雷妈汉化组x瞎JB乱起名汉化组]
559,https:/photos-index-aid-24773.html,https:(C87) [AHOBAKA (Aho)] 駆逐棲姫改造密録 (艦隊これくしょん -艦これ-)
560,https:/photos-index-aid-24767.html,https:(C87) [黒クド屋 (ふりすく)] 提督の隠してた物見つけました。(艦隊これくしょん -艦これ-)
561,https:/photos-index-aid-24732.html,https:[くろにくる (福永ゆきと)] リサカツ! (アイカツ!)
562,https:/photos-index-aid-24726.html,https:[タケ] 龍娘墮淫 (コミックアンリアル 2015年8月號)
563,https:/photos-index-aid-24723.html,https:(C87) [Area-S (Dra)] レミリアお嬢様にイケないコトする本 (東方Project)
564,https:/photos-index-aid-24698.html,https:[しおこんぶ] maple poison  アイドルマスター
565,https:/photos-index-aid-24677.html,https:[e] マーキング (ドラゴンクエストIV、ドラゴンクエストVI)
566,https:/photos-index-aid-24629.html,https:[あいいろさくら (相川りょう)] 空母ヲ級ちゃんの天津風百合奴隷調教～羞恥3P調教編～ (艦隊これくしょん -艦これ)
567,https:/photos-index-aid-24599.html,https:[チーズ酵母 (なか)] JELLY A LA CARTE
568,https:/photos-index-aid-24546.html,https:(C89) [稲荷屋 (稲荷)] 男の娘アイドルの裏側 (アイドルマスター SideM)
569,https:/photos-index-aid-24543.html,https:[しおこんぶ] Fanaticism ~激情の誘惑~ (COMIC BAVEL 2016年2月号)
570,https:/photos-index-aid-24542.html,https:[r.i.s factory (るしゅーと)] Ps ANASTASIA (アイドルマスター シンデレラガールズ)
571,https:/photos-index-aid-24525.html,https:[サークルENERGY (新春夏秋冬)] 漣と妖精の戯装実験録 (艦隊これくしょん -艦これ-)
572,https:/photos-index-aid-24490.html,https:[あいいろさくら (相川りょう)] 空母ヲ級ちゃんの天津風百合奴隷調教～羞恥3P調教編～ (艦隊これくしょん -艦これ-)
573,https:/photos-index-aid-24403.html,https:[秋神サトル] 避妊禁止地区
574,https:/photos-index-aid-24388.html,https:[鳗汉化][As109]通贩エルフ
575,https:/photos-index-aid-24376.html,https:[井硲六郎] 川'R (獣DIRECT) [中国翻訳]
576,https:/photos-index-aid-24354.html,https:[緑のルーペ] ガーデン 2
577,https:/photos-index-aid-24346.html,https:[黑青郎君 (三色坊)] 撫鏡軼聞 上下冊
578,https:/photos-index-aid-24340.html,https:[黑青郎君 (三色坊)] 王二喜
579,https:/photos-index-aid-24077.html,https:(C83) [カミナリネコ (えーたろー)] ヤミの闇。 (To LOVEる)
580,https:/photos-index-aid-23988.html,https:(C89) [加州大飯店 (夏野すいか)] PANPAN (ワンパンマン)
581,https:/photos-index-aid-23795.html,https:[アルゴラグニア (みこしろ本人)] 返却済みVol.2
582,https:/photos-index-aid-23709.html,https:(例大祭12) [ぜのさいど (是乃] 服従×露出×下克上 (東方Project)[CE家族社]
583,https:/photos-index-aid-23690.html,https:[hal] 卍姦獄～産まれてきてごめんなさい～
584,https:/photos-index-aid-23687.html,https:(C88) [大陸間弾道弾団 (桜ロマ子)] 淫獣～みだらなけもの～ (オリジナル)
585,https:/photos-index-aid-23513.html,https:(C89) [666PROTECT (甚六)] 転校生JKエルフー放課後調教授課ー
586,https:/photos-index-aid-23489.html,https:(C89) [真珠貝 (武田弘光)] マナタマプラス3 (ラブプラス)
587,https:/photos-index-aid-23483.html,https:C89) [40010壱号] トモダチノエッチナキョウダイカンケイ (ToLOVEる-とらぶる-)
588,https:/photos-index-aid-23450.html,https:[Tiramisu (psohatten)] 慰み種 ～ふたなり×男の娘～
589,https:/photos-index-aid-23135.html,https:[すえひろがり] TAG
590,https:/photos-index-aid-22900.html,https:[夢咲三十郎] 調教学園
591,https:/photos-index-aid-22899.html,https:[夢咲三十郎] 調教学園2
592,https:/photos-index-aid-22898.html,https:[夢咲三十郎] 調教学園3
593,https:/photos-index-aid-22881.html,https:[夢茶会 (むちゃ)] 千鶴ちゃん開発日記3
594,https:/photos-index-aid-22880.html,https:[夢茶会 (むちゃ)] 千鶴ちゃん開発日記2
595,https:/photos-index-aid-22879.html,https:[夢茶会 (むちゃ)] 千鶴ちゃん開発日記 (オリジナル)
596,https:/photos-index-aid-22878.html,https:[夢茶会 (むちゃ)] ちーちゃん開発日記4.1(オリジナル)
597,https:/photos-index-aid-22877.html,https:[夢茶会 (むちゃ)] ちーちゃん開発日記4 (オリジナル)
598,https:/photos-index-aid-22876.html,https:[夢茶会 (むちゃ)] ちーちゃん開発日記3 (オリジナル)
599,https:/photos-index-aid-22875.html,https:[夢茶会 (むちゃ)] ちーちゃん開発日記2 (オリジナル)
600,https:/photos-index-aid-22874.html,https:[夢茶会 (むちゃ)] ちーちゃん開発日記 (オリジナル)
601,https:/photos-index-aid-22808.html,https:[音々かなた] Under☆C
602,https:/photos-index-aid-22807.html,https:[Fatalpulse (朝凪)] (C89) Victim Girls 20 THE COLLAPSE OF CAGLIOSTRO (グランブルーファンタジー) [中]
603,https:/photos-index-aid-22798.html,https:[666PROTECT (甚六)] (C89) 転校生JKエルフー放課後調教授課ー (オリジナル) [中]
604,https:/photos-index-aid-22797.html,https:[666PROTECT (甚六)] (C89) 転校生JKエルフー放課後調教授課ー (オリジナル)
605,https:/photos-index-aid-22770.html,https:[ひぐちいさみ] 美琴としたい
606,https:/photos-index-aid-22716.html,https:[AS109] 通贩エルフ
607,https:/photos-index-aid-22701.html,https:[ビューティ・ヘア] 乱交調教
608,https:/photos-index-aid-22699.html,https:[ビューティ・ヘア] 密室調教
609,https:/photos-index-aid-22388.html,https:(サンクリ65) [STUDIOふあん (来鈍、椎茸宮どんこ)] 乳なのフェイ。真夏の路上調教+輪姦フルカラー総集編 新装版 (魔法少女リリカルなのは)
610,https:/photos-index-aid-22312.html,https:(C88) [shakestyle (ShAKe)] 五十嵐柚葉調教日誌2 「お願い…私を犯して...」
611,https:/photos-index-aid-22311.html,https:(C87) [shakestyle (ShAKe)] 五十嵐柚葉調教日誌1 「私…汚れちゃいました」
612,https:/photos-index-aid-22263.html,https:(C89) [悪転奏進 (黒糖ニッケ)] 艦娘着妊 雷拘束劇薬調教 (艦隊これくしょん -艦これ-)
613,https:/photos-index-aid-21727.html,https:[風船クラブ] 淫調教マイカ
614,https:/photos-index-aid-21698.html,https:[石野鐘音] 敗北ヒロイン改造調教インフェルノ
615,https:/photos-index-aid-21627.html,https:[みちきんぐ]禁欲部 女生徒達に調教性教育実習 第1~5章
616,https:/photos-index-aid-21542.html,https:[木谷椎] 妹スワップ！
617,https:/photos-index-aid-21525.html,https:[ぐじら] ギャルとかビッチとか色々。 [中国翻訳][BOJJ掃本]
618,https:/photos-index-aid-21512.html,https:[DOZA Village (どざむら)] 黒人VS◯学生Vol03 ～深窓の令嬢・巨乳J◯朝比奈心愛編～ (オリジナル) [中]
619,https:/photos-index-aid-21509.html,https:[DOZA Village (どざむら)] 黒人VS◯学生Vol01 ～サッカー大好きボーイッシュ少女～ 児島小春編 (オリジナル) [中]
620,https:/photos-index-aid-21470.html,https:(COMIC1☆6) [まごの亭 (夏庵)] 青イカユミドメ  PRESCRIPTION 07 BLUE 前編 (あの夏で待ってる) [渣渣汉化组]
621,https:/photos-index-aid-21448.html,https:[final個人漢化] (C88) [ERECT TOUCH (エレクトさわる)] 新田美波とアーニャが天使すぎて雌犬化調教待ったなしな件 (アイドルマスター シンデレラガールズ)
622,https:/photos-index-aid-21446.html,https:[同人 CG][ゼラチンユートピア]褐色妖精わらわちゃんビキニオナホ調教
623,https:/photos-index-aid-21444.html,https:[同人 CG][ゼラチンユートピア]放課後は父娘相姦
624,https:/photos-index-aid-21395.html,https:[落莲汉化组](COMIC BAVEL 2015年8月号)[武藤まと] うさかふぇ
625,https:/photos-index-aid-21393.html,https:[脸肿汉化组] [LS-Box (三ツ木)] あなドル -城○埼美嘉編- (アイドルマスター シンデレラガールズ)
626,https:/photos-index-aid-21381.html,https:[弥美津ヒロ] 飼い主様になってよネッ!
627,https:/photos-index-aid-21371.html,https:【CE汉化组】(C87) [baroQue (じぇーむら)] エミリト。
628,https:/photos-index-aid-21364.html,https:[L-u (マク)] 催眠復讐・虐め女子 [中国翻訳]
629,https:/photos-index-aid-21363.html,https:(成年コミック) [みなすきぽぷり] わたしたちのかえりみち
630,https:/photos-index-aid-21362.html,https:(同人CG集) [リリックボックス] ひとつの冴えた妹の堕とし方
631,https:/photos-index-aid-21360.html,https:(同人CG集) [リリックボックス] お兄ちゃんの半分は欲望でできています
632,https:/photos-index-aid-21344.html,https:[同人 CG][はくじら海猫団]子宮調教少女-こじか-
633,https:/photos-index-aid-21330.html,https:[Animal Passion (茹でピー)] (C87) 鳥獣ギガックス (東方Project) [中]
634,https:/photos-index-aid-21294.html,https:[紙魚丸]JUNK LAND
635,https:/photos-index-aid-21280.html,https:[アンソロジー] Girls for M Vol.1
636,https:/photos-index-aid-21240.html,https:[アンソロジー] 二次元コミックマガジン 子宮脱ヒロインに中出し放題!Vol.2
637,https:/photos-index-aid-21239.html,https:[長井わたる] 二次元コミックマガジン 子宮脫ヒロインに中出し放題! Vol.1
638,https:/photos-index-aid-21238.html,https:[H comic][中文][ 尾山泰永] 女子監禁改造
639,https:/photos-index-aid-21220.html,https:[あかBON] キスキスコンマ
640,https:/photos-index-aid-21210.html,https:[おりもとみまな] みさお MY LOVE
641,https:/photos-index-aid-21016.html,https:(成年コミック) [緑のルーペ] イマコシステム [BOJJ]（中文)
642,https:/photos-index-aid-21014.html,https:[納屋] 女囚夫人(上) 蔵の中の美囚 [中文]
643,https:/photos-index-aid-21013.html,https:(同人CG集) [納屋] 女装マゾ娼婦・景子の淫らな告白 [中文]
644,https:/photos-index-aid-20987.html,https:[おぐ] 少女式付属おぐ泌尿器科
645,https:/photos-index-aid-20981.html,https:[禁煙草]  催眠ペット ―調教完了・催眠コミュニティ篇―
646,https:/photos-index-aid-20885.html,"https:[ぽ~じゅ, 雑破業] SECRET JOURNEY"
647,https:/photos-index-aid-20870.html,https:[もくぎゅうたん]黑猫便器
648,https:/photos-index-aid-20864.html,https:[アズマサワヨシ] ちまカノ
649,https:/photos-index-aid-20768.html,https:[華フック]根暗少年の復讐ハーレム調教計画
650,https:/photos-index-aid-20721.html,https:[TAKE] 蝕胎ノ夜 淫獄ノ契
651,https:/photos-index-aid-20714.html,https:[RAYMON] アナル調教アプリ
652,https:/photos-index-aid-20632.html,https:[SASAYUKi] 快楽の白と黒
653,https:/photos-index-aid-20631.html,https:[SASAYUKi] 快楽の白と黒 [中]
654,https:/photos-index-aid-20528.html,https:[華フック] 根暗少年の復讐ハーレム調教計画[魔剑个人汉化]
655,https:/photos-index-aid-20376.html,https:[Akira] こすりづま
656,https:/photos-index-aid-20282.html,https:[ピーキー] 妹ニート更正調教
657,https:/photos-index-aid-20267.html,https:[みずきえいむ]NO MAKE
658,https:/photos-index-aid-20261.html,https:[ひめはち]名門學園初等科調教室
659,https:/photos-index-aid-20139.html,https:[F4U]今夜のシコルスキー
660,https:/photos-index-aid-20138.html,https:[chaccu]自分でひらけよ
661,https:/photos-index-aid-20090.html,https:[ひめはち] 女教師調教部
662,https:/photos-index-aid-20039.html,https:[EB110SS] かけっこレッスン [中]
663,https:/photos-index-aid-20008.html,https:(C81) [翁計画 (師走の翁)] だーさんのために沖田恭子32さいB107 a.k.a おくさんをナマ出し肉穴調教しておいてあげよう (王道漢化)
664,https:/photos-index-aid-20005.html,https:[秋神サトル] 調教→屈服→肉奴隷
665,https:/photos-index-aid-19955.html,https:(同人誌) [ありすの宝箱 (水龍敬)]アニマルマスター
666,https:/photos-index-aid-19923.html,https:[脸肿汉化组] (C88) [彩画堂] 地味子カタログ.B (作品番号AF02)
667,https:/photos-index-aid-19831.html,https:[无毒汉化组] (C88)[七つの鍵穴 (七鍵智志)] Defective (Charlotte)
668,https:/photos-index-aid-19822.html,https:[cg][Tiramisu]憧れの人気アイドルをボク好みに調教してアヘ顔Wピースさせちゃいました♪
669,https:/photos-index-aid-19818.html,https:[ちらりずむ] とあるアイドル事務所の裏の顔 ～小生意気アイドル調教・箕浦里奈～
670,https:/photos-index-aid-19715.html,https:(C88) [Type-G (イシガキタカシ)] 雌神楽-フェイト編1- (魔法少女リリカルなのは)
671,https:/photos-index-aid-19712.html,https:恵飛須沢胡桃
672,https:/photos-index-aid-19652.html,https:(C79) (同人誌) [アーカイブ (へち)] 澪は調教中！ (けいおん！)[final個人漢化]
673,https:/photos-index-aid-19233.html,https:[屏幕髒了漢化組] (C88) [バス停シャワー (桂井よしあき)] EGOISTIC LOVERLILY (冴えない彼女の育てかた)
674,https:/photos-index-aid-19182.html,https:(同人CG集) [むむにゃん]少女實驗機姦
675,https:/photos-index-aid-19181.html,https:(同人CG集) [むむにゃん]少女快樂機姦
676,https:/photos-index-aid-19154.html,https:[夏洛特個人漢化 + 漢鯖 圖源] [atahuta] 勃起禁止車両 (ガールズフォーム Vol.07)
677,https:/photos-index-aid-19118.html,https:[同人CG][聖クロネコ騎士団]機械姦鬼畜調教!脳操作・快楽調教により性玩具へと変わっていく女のコ達
678,https:/photos-index-aid-19112.html,https:[同人CG][聖クロネコ騎士団]異種姦洗脳調教!脳を弄られ忠実な人間苗床となった奴隷少女
679,https:/photos-index-aid-19111.html,https:[同人CG][聖クロネコ騎士団]異種姦洗脳悪堕ち調教3!魔物に永遠の忠誠を誓い身も心も魔物となる姫
680,https:/photos-index-aid-19110.html,https:[同人CG][聖クロネコ騎士団]異種姦洗脳悪堕ち調教2!闇に堕ち魔物となった女騎士の凶行
681,https:/photos-index-aid-19109.html,https:[同人CG][聖クロネコ騎士団]異種姦洗脳悪堕ち調教！脳や肉体を改造され邪悪な女騎士に生まれ変わった哀れな女
682,https:/photos-index-aid-19091.html,https:[同人CG][聖クロネコ騎士団]おんなのこを捕まえて洗脳調教&機械姦! わたしたち低脳マ○コ家畜になりまぁーす
683,https:/photos-index-aid-19028.html,https:(同人CG集) [pinkjoe] 小悪魔フェムドム去勢M男メス化トレーニング
684,https:/photos-index-aid-18954.html,https:(同人CG)[蕎麦とマヨ]淫虐の洗脳調教術+
685,https:/photos-index-aid-18953.html,https:(同人CG)[蕎麦とマヨ]淫虐の洗脳調教術、悪魔っ娘完全服従完全悪堕ちまでの記録
686,https:/photos-index-aid-18812.html,https:[同人CG][ロリ乳牧場]
687,https:/photos-index-aid-18367.html,https:[空気系☆漢化](とら祭り2015) [空色まーち(成沢空)] 男子便所の古手川さん (ToLOVEる-とらぶる-)
688,https:/photos-index-aid-18334.html,https:[AS109] また過激な画面になった
689,https:/photos-index-aid-18329.html,https:俺と妹の一日 十年後
690,https:/photos-index-aid-18328.html,https:俺と妹の一日 午後
691,https:/photos-index-aid-18323.html,https:俺と妹の一日 朝
692,https:/photos-index-aid-18293.html,https:[惡墮洨五漢化] [エロマズン (まー九郎)] 悪堕ち島風8～エロ触手に堕とされる艦娘～ (艦隊これくしょん -艦これ-)
693,https:/photos-index-aid-18286.html,https:[CA个人汉化][彦馬ヒロユキ] 元気を出して♡[COMIC LO 2015年6月号]
694,https:/photos-index-aid-18205.html,https:（单页版）[clover] 嫐 ～ドS女子校生に輪姦される僕～
695,https:/photos-index-aid-18132.html,https:[脸肿汉化组] (COMIC1☆9) [ろ～たり～Engine (神無月元史)] 明ケナイ夜 (夜ノヤッターマン)
696,https:/photos-index-aid-18131.html,https:[脸肿汉化组] (C82) [スタジオ・ワラビーS (白ハトリ)] 普段はクールな生徒会長が俺の前でだけエッチになってくれるように調教する [脸肿汉化组]
697,https:/photos-index-aid-18099.html,https:[ノラ猫工房] えっちぃの(To LOVEる) [渣渣汉化组]
698,https:/photos-index-aid-18079.html,https:[神之汉化组](C85) (同人誌) [KiraStar (Maid.vivi)] 俺の脳内調教選択肢 (俺の脳内選択肢が、学園ラブコメを全力で邪魔している)
699,https:/photos-index-aid-17986.html,https:(コミック グレープ Vol.19) [よこやまなおき] ハーピー2 ～催眠調教携帯～ [Den個人漢化] [Digital]
700,https:/photos-index-aid-17903.html,https:[あむぁいおかし製作所]恐怖のモロ9調教!
701,https:/photos-index-aid-17809.html,https:[肉そうきゅー] 学園淫具教育 ～怪しい道具で美少女を調教三昧 第1-7話完 [Den個人漢化] [Digital]
702,https:/photos-index-aid-17662.html,https:[宮野金太郎] 犯して♥フォーリンラブ 全3話 (へんたい山本さん) [單兵嵌字]
703,https:/photos-index-aid-17645.html,https:[leoR8714個人漢化](C87)[ななめ班(半しゃる)] 条件反射すりこみ弾 パブノフ・ブレッド!!
704,https:/photos-index-aid-17638.html,https:(C87) [極東工務店 (菊のすけまる)] GIRLFriend's 7 (艦隊これくしょん -艦これ-) [中国翻訳]
705,https:/photos-index-aid-17628.html,https:[漢化][みにおん] えんじぇる採集 (ろり辱 堕とし頃のおんなのこ)[みにおん] えんじぇる採集 (ろり辱 堕とし頃のおんなのこ) [DL版]
706,https:/photos-index-aid-17625.html,https:[Den個人漢化] [肉そうきゅー] 学園淫具教育 ～怪しい道具で美少女を調教三昧 第1-3話
707,https:/photos-index-aid-17556.html,https:[Den個人漢化][肉そうきゅー] 学園淫具教育 ～怪しい道具で美少女を調教三昧 Ch.1
708,https:/photos-index-aid-17418.html,https:[Ｍ系資源聚合漢化組] [むかいきよはる] 鬼畜お嬢様のメイド教育 (ガールズフォーム Vol.04)
709,https:/photos-index-aid-17357.html,https:[ソメジマ] 肉壁公衆便所 (壁に埋め込まれた少女で性欲処理 Vol.1)
710,https:/photos-index-aid-17092.html,https:[悪転奏進 (黒糖ニッケ)] 優曇華出産薬物調教
711,https:/photos-index-aid-17046.html,https:[御免なさい]ポチ。
712,https:/photos-index-aid-16996.html,https:[巨昆汉化组][楠木りん] 監獄戦艦2
713,https:/photos-index-aid-16871.html,https:[高津] 王様アプリ
714,https:/photos-index-aid-16868.html,https:[七瀬真琴] 流出ストレイシープ
715,https:/photos-index-aid-16781.html,https:[たけのこ星人]  カクセイ彼女
716,https:/photos-index-aid-16764.html,https:[寒天] 鋼鉄の魔女アンネローゼ ～淫虐の魔娼婦～[黑暗掃圖]
717,https:/photos-index-aid-16714.html,https:[〆切り3分前 (月見大福)] 千冬姉のエッチな調教一夏 (インフィニット・ストラトス)
718,https:/photos-index-aid-16586.html,https:[NANACAN] 妹調教日記～こんなツンデレが俺の妹なわけない!～
719,https:/photos-index-aid-16560.html,https:去勢の代償～妻の愛人に女性化調教される夫～
720,https:/photos-index-aid-16515.html,https:(COMIC1☆8) [関西オレンジ (荒井啓)] Negative Love M2 (ラブプラス)
721,https:/photos-index-aid-16438.html,https:父妹5
722,https:/photos-index-aid-16436.html,https:父妹4
723,https:/photos-index-aid-16435.html,https:父妹3
724,https:/photos-index-aid-16434.html,https:父妹2
725,https:/photos-index-aid-16433.html,https:父妹
726,https:/photos-index-aid-15726.html,https:(同人CG集) [むむにゃん] 少女調教機姦
727,https:/photos-index-aid-15507.html,https:[空気系☆漢化] [武田弘光] いま?りあ  (少許修正
728,https:/photos-index-aid-15391.html,https:[空気系☆漢化] (C87) [姫屋 (阿部いのり)] 独隷日誌～来日した海外艦を快楽中毒調教～ (艦隊これくしょん-艦これ-)
729,https:/photos-index-aid-15259.html,https:(C83) [夢茶会 (むちゃ)] 脅されれいかちゃん (スマイルプリキュア!) [响臭屁汉化组]
730,https:/photos-index-aid-14958.html,https:(C87) [あいいろさくら (相川りょう)] 空母ヲ級ちゃんの島風百合奴隷調教～3P調教編～ (艦隊これくしょん -艦これ-) [DL版][无毒汉化组]
731,https:/photos-index-aid-14831.html,https:[巫毒汉化组][ちらりずむ (ヒダカトヲル)] 誘拐されて調教されて出荷された女の子の話
732,https:/photos-index-aid-14616.html,https:[麻油雞掃圖][しょむ] 被虐ト拘束
733,https:/photos-index-aid-14431.html,https:(C85) [さといも牧場 (にょにょんば太郎)] 雷電たちにお仕置きされて提督19 (艦隊これくしょん -艦これ-) [无毒汉化组]
734,https:/photos-index-aid-14349.html,https:[xenoms] 寝取られ洗脳調教物語 (化物語)
735,https:/photos-index-aid-14340.html,https:[あべもりおか] ちょうきょうものがたり [麻油雞掃圖]
736,https:/photos-index-aid-14015.html,https:[みちきんぐ] 禁欲部 ～女生徒達に調教性教育実習～ 第5章 (コミックグレープ Vol.12)[无毒汉化组]
737,https:/photos-index-aid-13839.html,https:[无毒汉化组][みちきんぐ] 禁欲部 ～女生徒達に調教性教育実習～ 第4章 (コミックグレープ Vol.10) [DL版]
738,https:/photos-index-aid-13346.html,https:[マスタングR] 調教鬼 ～天獄～_
739,https:/photos-index-aid-13277.html,https:[みちきんぐ] 禁欲部 ～女生徒達に調教性教育実習～ 第4話 [无毒汉化组]
740,https:/photos-index-aid-13167.html,https:[脸肿汉化组] (C86) [グリーンケチャップ (珍緑)　のうりん牧場へようこそ (のうりん)
741,https:/photos-index-aid-13003.html,https:(C85) (同人誌) [ナギヤマスギ (那岐山)] 艦娘陵辱4 い…電の調教を見るのです… (艦隊これくしょん-艦これ-)[final個人漢化]
742,https:/photos-index-aid-12976.html,https:[CE家族社]艦娘着妊響薬欲流調教
743,https:/photos-index-aid-12952.html,https:(C86)[NANACAN (ななかまい)妹調教日記 and more (妹調教日記)
744,https:/photos-index-aid-12908.html,https:(C86)[NANACAN (ななかまい)妹調教日記 and more (妹調教日記)
745,https:/photos-index-aid-12523.html,https:【CE家族社】(コミティア108) [長崎インター] 調教中の姪っ子がGWに泊まりに来た。
746,https:/photos-index-aid-12514.html,https:[ツタカズラまうまう (ザッシュ)] 巨乳女騎士を催眠調教してセックス大好きな淫乱ボテ腹メス豚にしちゃうCG集[must個人漢化]
747,https:/photos-index-aid-12380.html,https:[无毒汉化组](C85) [大理石 (墓場)] きりしま 霧島陵辱調教記録 (艦隊これくしょん 艦これ)
748,https:/photos-index-aid-12206.html,"https:[脸肿汉化组](COMIC1☆8) [悶亭 (悶亭姉太郎, 悶亭妹次郎)] 孕ませコレクション 3 ～催眠術で国際ケッコン提督からビスマルクを寝取り調教～ (艦隊これくしょん -艦これ-)"
749,https:/photos-index-aid-12163.html,"https:(COMIC1☆8) [悶亭 (悶亭姉太郎, 悶亭妹次郎)] 孕ませコレクション 3 ～催眠術で国際ケッコン提督からビスマルクを寝取り調教～ [无毒汉化组]"
750,https:/photos-index-aid-12156.html,https:【黑条汉化】[Sky Walk] 金髪女軍人調教記
751,https:/photos-index-aid-12021.html,https:(成年コミック) [千葉○作 (千葉秀作)] 砂場の主人 [2005-09-20] (無修正) [satou漢化#006]
752,https:/photos-index-aid-11982.html,https:[むかいきよはる] お兄ちゃん 調教日記 (COMIC L.Q.M vol
753,https:/photos-index-aid-11919.html,https:[无毒汉化组][みちきんぐ]禁欲部 女生徒達に調教性教育実習 第二话[コミックグレープ Vol.6]
754,https:/photos-index-aid-11892.html,https:(C85) [あいいろさくら (相川りょう)] 空母ヲ級ちゃんの島風百合奴隷調教1 (艦隊これくしょん -艦これ-)
755,https:/photos-index-aid-11751.html,https:(C85) (同人誌) [あいいろさくら (相川りょう)] 空母ヲ級ちゃんの島風百合奴隷調教1 (艦隊これくしょん-艦これ-)[final個人漢化]
756,https:/photos-index-aid-11440.html,https:(C85) [漸速ライダー (天漸雅)] 牝犬化調教LV.MAX (超昂閃忍ハルカ)
757,https:/photos-index-aid-11435.html,https:(C85) [ナギヤマスギ (那岐山)] 艦娘陵辱4 い…電の調教を見るのです… (艦隊これくしょん -艦これ-)
758,https:/photos-index-aid-11167.html,https:(C85) (同人誌) [あいいろさくら (相川りょう)] 空母ヲ級ちゃんの島風百合奴隷調教1 (艦隊これくしょん -艦これ-)
759,https:/photos-index-aid-11126.html,https:(C85) (同人誌) [KiraStar (Maid.vivi)] 俺の脳内調教選択肢 (俺の脳内選択肢が、学園ラブコメを全力で邪魔している)
760,https:/photos-index-aid-11067.html,https:(C85) (同人誌) [STUDIOふあん (来鈍)] 乳なのはさん公園調教編フルカラー版 (魔法少女リリカルなのは)
761,https:/photos-index-aid-11007.html,https:(C85) (同人誌) [暗中模索 (まるころんど)] フラメンコな少女たちの絵本 (サムライフラメンコ)
762,https:/photos-index-aid-10618.html,https:[佐藤村雨英太郎] エロテスク [漢化 BY 自由&2D聯合製作 第05弾]
763,https:/photos-index-aid-10508.html,https:[師走の翁] ピスはめ！下
764,https:/photos-index-aid-10402.html,https:[天誅丸] 調教妻交姦
765,https:/photos-index-aid-10368.html,https:[緑のルーペ] ガーデン
766,https:/photos-index-aid-10225.html,https:[飛龍亂] HA-HA [自由中文漢化版]
767,https:/photos-index-aid-10186.html,https:[マスタングR] 乳クリ調教キット－最恐版－
768,https:/photos-index-aid-9460.html,https:(damon233个人翻译)[LOL]私立肉便器専門学園-機械科-中文
769,https:/photos-index-aid-9415.html,https:[みちきんぐ]禁欲部 女生徒達に調教性教育実習[コミックグレープ Vol.4][无毒汉化组]
770,https:/photos-index-aid-9376.html,https:[Bカイマン] 奴隷社員アナルマゾ調教2-アナルローズ編(demon233个人翻译)
771,https:/photos-index-aid-9368.html,https:奴隷社員アナルマゾ調教外伝-女体化改造篇 中文(demon233个人翻译)
772,https:/photos-index-aid-8867.html,https:糖ニッケ)] 大鳳改造偽装肛姦調教 (艦隊これくしょん-艦これ-)[DL版][final個人漢化]
773,https:/photos-index-aid-8805.html,https:[巫毒汉化组](C82) [アルゴラグニア (みこしろ本人)] 返却済みVol.1#重口警报#
774,https:/photos-index-aid-8690.html,https:(同人CG集) [目隠し娘] 目隠し少女－肛虐レズ調教編－
775,https:/photos-index-aid-8651.html,https:[070622][Lilith]先生を調教しよう！
776,https:/photos-index-aid-8634.html,https:(同人CG集) [目隠し娘] 目隠し少女 -淫妹絶頂調教編-
777,https:/photos-index-aid-8469.html,https:[080926]音速飛翔ソニックメルセデス～双子ヒロイン調教指令！～
778,https:/photos-index-aid-8443.html,https:(同人CG集)[ぴちぴち画廊R] ご近女さん1～人妻奴隷調教～
779,https:/photos-index-aid-8411.html,https:[081128][アイル]愛奴変態調教倶楽部
780,https:/photos-index-aid-8269.html,https:[アイスキック] 輪姦調教～孕ませ汁～
781,https:/photos-index-aid-8196.html,https:[070831][ポアシャラ] 家族調教 最終調教ハーレム編
782,https:/photos-index-aid-8178.html,https:(同人ゲームCG) [Mischievous][071221] 巫女乙女洗脳調教
783,https:/photos-index-aid-7960.html,https:[I's] ロリータ奴隷調教録『被虐の白濁体育祭』
784,https:/photos-index-aid-7945.html,https:[HCG][CERES][081219]M.E.s. －同級生メイド調教
785,https:/photos-index-aid-7931.html,https:(同人CG集) [桜桃] PRISON QUEST～恥辱の奴隷調教～
786,https:/photos-index-aid-7865.html,https:(同人ソフト) [elle-叢神] 空木　巴 ～壊虐調教生徒会～
787,https:/photos-index-aid-7672.html,https:(18禁ゲームCG) [071026] 凌辱学園長／奴隷倶楽部～読心調教録～
788,https:/photos-index-aid-7631.html,https:(18禁ゲームCG) [080725] [麬雛] 超満淫 ～美乳姉妹車内調教～
789,https:/photos-index-aid-7519.html,https:(18禁ゲームCG)[BLACKLiLiTH] 特務捜査官レイ＆風子 -受精街の家畜調教- DL版
790,https:/photos-index-aid-7317.html,https:(18禁ゲームCG) [060825] 隷嬢姉妹スレイブ
791,https:/photos-index-aid-7295.html,https:(18禁ゲームCG) [070928] [STRIKES] 夜姦訟療 ～ナース調教カルテ～
792,https:/photos-index-aid-6983.html,https:髪ロングっ娘の調教日誌2 (翠星のガルガンティア)
793,https:/photos-index-aid-6846.html,https:髪ロングっ娘の調教日誌1 (翠星のガルガンティア)
794,https:/photos-index-aid-6605.html,https:(C84) [てぃらみすたると] 肉便器調教の果てに (東方Project)
795,https:/photos-index-aid-6513.html,https:(C84) [もっちー王国(もっちー)] アスカ調教して欲しいんでしょ？ (新世紀エヴァンゲリオン)
796,https:/photos-index-aid-6486.html,https:(C84) [Alaria] ゴブリンさんの華扇ちゃん調教記録 (東方Project)
797,https:/photos-index-aid-6449.html,https:(C84) [まこと☆スキップ (まこと大吉)] モテないし調教する (私がモテないのはどう考えてもお前らが悪い!) [DL版]
798,https:/photos-index-aid-5165.html,https:[汉化](C71) [アルゴラグニア (みこしろ本人)] 邪道王2006 地獄少女 (地獄少女)
799,https:/photos-index-aid-4960.html,https:[漫の漢化組][もんぷち] 人妻レッスン (失楽天2013年11號)
800,https:/photos-index-aid-4700.html,https:[黑条汉化♀丝♂][もんぷち]マリッジ×トラブル
801,https:/photos-index-aid-3949.html,https:[脸肿汉化组](C84)[まこと☆スキップ (まこと大吉)] モテないし調教する (私がモテないのはどう考えてもお前らが悪い!)
802,https:/photos-index-aid-3899.html,https:[CE家族社](C84)[まこと☆スキップ (まこと大吉)] モテないし調教する (私がモテないのはどう考えてもお前らが悪い!) [DL版]
803,https:/photos-index-aid-3593.html,https:[酉享個人漢化] (C83) [赤兎 (復八磨直兎)] キリト君がムッツリだった件 (ソードアート オンライン) [DL版]
804,https:/photos-index-aid-3092.html,https:[脸肿汉化组] (COMIC1☆7) [単一統合作戦計画 (ニイマル)] ミカサ調教報告書 (進撃の巨人)
805,https:/photos-index-aid-2396.html,https:[月之废墟汉化] (C83) [真珠貝 (武田弘光)] マナタマプラス2 (ラブプラス)
806,https:/photos-index-aid-2333.html,https:[崛博昭]誘蛾燈
807,https:/photos-index-aid-2291.html,https:[天誅丸] 調教妻交姦
808,https:/photos-index-aid-2280.html,https:[サブスカ] ボディランゲージ
809,https:/photos-index-aid-2269.html,https:[流一本]僕の知らない彼女の淫貌
810,https:/photos-index-aid-2223.html,https:[天鹅之恋同人部](C83) [Fusions (h_o_t_cat)] ペットな彼女を調教してみた (さくら荘のペットな彼女)
811,https:/photos-index-aid-2056.html,https:【脸肿汉化组】(C83) [Fusions (h_o_t_cat)] ペットな彼女を調教してみた (さくら荘のペットな彼女)
812,https:/photos-index-aid-2049.html,https:[空気系☆漢化] (C83) [Fusions (h_o_t_cat)] ペットな彼女を調教してみた (さくら荘のペットな彼女)
813,https:/photos-index-aid-1187.html,https:(C82) (同人誌) [カタミチキップ (御影石材)] 信じて送り出したフタナリマリーさんが異人さんの変態調教にドハマリして(以下略) (じょしらく)
814,https:/photos-index-aid-1078.html,https:(C82) (同人誌) [Es.Lab] 隠神娼婦 -伏姫マーヤを快楽調教- [Digital]
815,https:/photos-index-aid-758.html,https:(C80) (同人誌) [うるう島 (うるう島呼音)] しぐれ調教記 (史上最強の弟子ケンイチ)
816,https:/photos-index-aid-362.html,https:[空気系汉化] (C81) (同人誌)[U.R.C (桃屋しょう猫)] 王元姫無惨 後編 (真·三國
817,https:/photos-index-aid-285.html,https:(C82)(同人誌)[真珠貝] マナタマプラス (ラブプラス)[汉化]
818,https:/photos-index-aid-278.html,https:(C82)(同人誌)[悪転奏進 (黒糖ニッケ)] 布都ちゃんに薬物使って輪姦する本 [DL版][CE
819,https:/photos-index-aid-272.html,https:(C82)(同人誌)[ポリンキー広場 (堀博昭)] A・ASS (あの夏で待ってる)[CE汉化组]
820,https:/photos-index-aid-257.html,https:(C82)(同人誌)[U.R.C (桃屋しょう猫)] 王異無惨 (真 三國無双)[空気系★汉化]
821,https:/photos-index-aid-248.html,https:(C82)(同人誌)[Satellites (サテツ)] 桃色催淫 (東方)[btboy12个人汉化
822,https:/photos-index-aid-242.html,https:(C82)(同人誌)[Fatalpulse (朝凪)] DRAGON SLAYER (咲-Saki-
823,https:/photos-index-aid-230.html,https:(C82)(同人誌)[マツゲアンテナ (舞原マツゲ)] I'm very very int
824,https:/photos-index-aid-229.html,https:(C82)(同人誌)[にっぷる木馬 (ぱらボら)] 噂の女記者狩り (東方)[脸肿汉化组]
825,https:/photos-index-aid-214.html,https:(C82)(同人誌)[志望推定時刻 (てへん)] SCHOOL CASTE ─黒雪姫完全破壊─ (ア
826,https:/photos-index-aid-205.html,https:(C82)(同人誌)[涙穴庵 (涙目)] 穴る舞 伍 (Kanon)[DOLA漢化]
827,https:/photos-index-aid-197.html,https:(C82)(同人誌)[まごの亭 (夏庵)] 赤イカユミドメ (あの夏で待ってる)[空気系★汉化]
